,movie_code,duration,facenumber_in_poster,country,budget,gross,num_voted_users,num_user_for_reviews,num_critic_for_reviews,movie_facebook_likes,director_facebook_likes,actor_1_facebook_likes,actor_2_facebook_likes,actor_3_facebook_likes,cast_total_facebook_likes,imdb_score,imdb_score_class
2682,2683,122.0,3.0,UK,15000000.0,17237244.0,57210,158.0,291.0,13000,210.0,22000.0,164.0,123.0,22574,6.8,Good
1647,1648,111.0,1.0,USA,30000000.0,41407470.0,43378,292.0,82.0,0,23.0,3000.0,3000.0,1000.0,9638,7.6,Good
3164,3165,89.0,9.0,USA,10000000.0,8070311.0,12706,75.0,52.0,0,18.0,7000.0,2000.0,2000.0,13626,5.3,Fair
1074,1075,84.0,7.0,USA,48000000.0,110000082.0,111526,347.0,151.0,0,119.0,807.0,780.0,750.0,3629,5.5,Fair
3603,3604,,1.0,UK,,,9277,44.0,10.0,11000,,1000.0,888.0,502.0,4528,8.2,Excellent
2086,2087,84.0,1.0,USA,22000000.0,55762229.0,47383,132.0,75.0,1000,42.0,436.0,241.0,182.0,1203,4.8,Fair
4512,4513,84.0,0.0,USA,1200000.0,,742,7.0,9.0,479,2.0,10000.0,500.0,475.0,11257,4.6,Fair
2490,2491,110.0,2.0,USA,17500000.0,19179969.0,54710,177.0,91.0,0,422.0,33000.0,459.0,422.0,35345,6.3,Good
3642,3643,152.0,0.0,USA,,23807.0,2143,29.0,47.0,570,194.0,103.0,2.0,0.0,105,8.3,Excellent
3985,3986,88.0,3.0,USA,5000000.0,,801,14.0,11.0,358,2.0,2000.0,872.0,6.0,2886,3.5,Bad
4525,4526,82.0,4.0,USA,950000.0,,387508,1123.0,242.0,23000,345.0,2000.0,607.0,269.0,3442,8.6,Excellent
275,276,84.0,0.0,Germany,133000000.0,140015224.0,94172,179.0,101.0,0,50.0,979.0,886.0,692.0,3382,5.9,Fair
5031,5032,98.0,1.0,USA,,,438,14.0,10.0,20,3.0,789.0,194.0,152.0,1186,6.4,Good
4708,4709,83.0,0.0,USA,650000.0,,13915,109.0,82.0,0,644.0,119.0,29.0,11.0,190,6.5,Good
4820,4821,101.0,0.0,USA,300000.0,47000000.0,157863,1191.0,318.0,12000,0.0,2000.0,742.0,598.0,4400,7.9,Good
2938,2939,89.0,0.0,USA,12000000.0,31691811.0,57446,369.0,198.0,0,66.0,137000.0,1000.0,1000.0,140268,6.0,Fair
3380,3381,97.0,1.0,USA,8000000.0,16699684.0,17461,78.0,121.0,0,3.0,24000.0,827.0,631.0,25792,5.6,Fair
3531,3532,177.0,0.0,Russia,7000000.0,,2518,28.0,121.0,1000,23.0,4.0,4.0,0.0,8,6.7,Good
1542,1543,101.0,1.0,USA,32000000.0,60328558.0,61396,159.0,88.0,11000,503.0,13000.0,1000.0,1000.0,18734,7.0,Good
4899,4900,101.0,7.0,USA,200000.0,2428241.0,2099,26.0,25.0,0,0.0,77000.0,21.0,16.0,77046,6.4,Good
82,83,130.0,0.0,USA,170000000.0,208543795.0,317542,620.0,521.0,45000,198.0,10000.0,2000.0,884.0,14363,7.6,Good
544,545,163.0,0.0,France,70000000.0,47379090.0,176936,824.0,298.0,0,14000.0,745.0,486.0,412.0,2529,7.6,Good
273,274,115.0,1.0,USA,120000000.0,144795350.0,387632,789.0,225.0,0,295.0,10000.0,981.0,466.0,12068,7.1,Good
1750,1751,104.0,0.0,USA,60000000.0,74058698.0,59232,317.0,133.0,0,93.0,11000.0,2000.0,878.0,17109,6.3,Good
378,379,117.0,1.0,USA,95000000.0,65653758.0,102747,316.0,157.0,0,101.0,18000.0,11000.0,3000.0,33154,5.5,Fair
3323,3324,76.0,0.0,UK,,,4990,64.0,19.0,0,4.0,722.0,212.0,151.0,1254,5.7,Fair
3176,3177,74.0,0.0,USA,10000000.0,6491350.0,1231,26.0,33.0,49,0.0,886.0,808.0,719.0,5139,5.8,Fair
4800,4801,97.0,3.0,USA,500000.0,,143,5.0,9.0,194,0.0,935.0,709.0,271.0,2350,5.4,Fair
3201,3202,98.0,0.0,USA,10000000.0,1754319.0,13174,81.0,94.0,0,129.0,749.0,252.0,221.0,2214,7.2,Good
1980,1981,112.0,2.0,USA,25000000.0,10911750.0,17757,99.0,143.0,982,108.0,23000.0,17000.0,2000.0,43560,6.5,Good
60,61,96.0,0.0,USA,200000000.0,137850096.0,72809,249.0,240.0,0,0.0,18000.0,14000.0,10000.0,48878,6.8,Good
1838,1839,121.0,1.0,USA,26000000.0,65703412.0,57958,345.0,92.0,0,72.0,1000.0,794.0,343.0,2747,7.0,Good
4020,4021,88.0,0.0,,3500000.0,,455,13.0,9.0,570,19.0,795.0,535.0,322.0,2497,4.8,Fair
3042,3043,86.0,1.0,USA,11000000.0,23978402.0,10966,100.0,62.0,365,5.0,584.0,580.0,532.0,3850,4.6,Fair
2605,2606,122.0,0.0,USA,15000000.0,130058047.0,822500,2715.0,176.0,22000,0.0,18000.0,828.0,158.0,19078,8.4,Excellent
1548,1549,107.0,5.0,USA,20000000.0,57744720.0,46961,132.0,119.0,0,34.0,23000.0,4000.0,1000.0,31529,6.2,Good
4043,4044,105.0,4.0,USA,3200000.0,5776314.0,73349,142.0,261.0,15000,101.0,1000.0,394.0,157.0,2016,7.2,Good
2397,2398,88.0,1.0,USA,17000000.0,65535067.0,59380,202.0,91.0,0,31.0,1000.0,489.0,489.0,2604,5.7,Fair
4430,4431,98.0,0.0,USA,1500000.0,105943.0,1351,11.0,14.0,212,102.0,563.0,485.0,360.0,2628,6.1,Good
2473,2474,114.0,2.0,Spain,14000000.0,,48162,140.0,195.0,10000,89.0,22000.0,2000.0,920.0,25804,6.2,Good
4636,4637,83.0,0.0,USA,913000.0,,265,3.0,9.0,489,0.0,56.0,28.0,17.0,104,7.1,Good
3675,3676,95.0,0.0,USA,,,1955,44.0,24.0,438,14.0,113.0,110.0,60.0,396,3.4,Bad
3914,3915,107.0,2.0,USA,25000000.0,14637490.0,16411,136.0,160.0,0,0.0,798.0,374.0,255.0,2537,4.8,Fair
3078,3079,161.0,0.0,UK,12000000.0,56715371.0,427357,1736.0,285.0,24000,0.0,273.0,117.0,73.0,727,8.3,Excellent
1631,1632,99.0,7.0,USA,30000000.0,51432423.0,15074,72.0,39.0,1000,13.0,1000.0,889.0,837.0,3679,5.1,Fair
1344,1345,120.0,1.0,USA,38000000.0,58700247.0,95367,260.0,279.0,33000,508.0,21000.0,11000.0,1000.0,36062,6.9,Good
3132,3133,96.0,1.0,USA,10000000.0,20384136.0,20467,371.0,120.0,0,9.0,690.0,533.0,448.0,2402,4.7,Fair
4445,4446,130.0,2.0,USA,60000000.0,80033643.0,226583,448.0,387.0,38000,188.0,10000.0,3000.0,1000.0,16385,7.0,Good
1836,1837,111.0,4.0,USA,26000000.0,91457688.0,107801,109.0,46.0,0,425.0,743.0,394.0,344.0,2403,6.0,Fair
3237,3238,94.0,3.0,Canada,,140987.0,361,4.0,16.0,58,50.0,835.0,632.0,422.0,2519,4.2,Fair
3644,3645,76.0,1.0,USA,8600000.0,,2989,38.0,19.0,176,17.0,636.0,472.0,259.0,2152,5.8,Fair
192,193,138.0,2.0,USA,125000000.0,101160529.0,200022,1240.0,434.0,71000,0.0,12000.0,9000.0,8000.0,32355,5.8,Fair
308,309,121.0,4.0,USA,100000000.0,184031112.0,190786,539.0,144.0,0,541.0,920.0,710.0,680.0,2880,5.4,Fair
4486,4487,99.0,6.0,USA,1300000.0,,101,1.0,5.0,221,4.0,18000.0,748.0,434.0,20218,7.6,Good
550,551,123.0,2.0,USA,80000000.0,41523271.0,57038,261.0,132.0,0,272.0,13000.0,450.0,193.0,13934,6.6,Good
446,447,113.0,11.0,USA,82000000.0,158115031.0,130070,316.0,134.0,0,88.0,11000.0,437.0,421.0,13693,6.4,Good
518,519,87.0,0.0,Japan,75000000.0,323505540.0,24407,155.0,165.0,36000,11.0,1000.0,904.0,745.0,4782,6.8,Good
4366,4367,93.0,0.0,USA,1800000.0,,1435,17.0,13.0,266,0.0,12000.0,580.0,482.0,14620,6.1,Good
4218,4219,105.0,0.0,USA,2450000.0,178739.0,1015,10.0,8.0,566,29.0,847.0,618.0,76.0,1668,3.9,Bad
1489,1490,139.0,0.0,USA,32000000.0,13303319.0,136367,975.0,584.0,39000,0.0,11000.0,1000.0,687.0,13021,6.7,Good
460,461,118.0,3.0,USA,80000000.0,101111837.0,150764,318.0,215.0,0,154.0,3000.0,982.0,915.0,5637,6.6,Good
1422,1423,123.0,0.0,USA,35000000.0,59699513.0,20827,136.0,160.0,0,130.0,826.0,638.0,426.0,2259,7.2,Good
2832,2833,100.0,5.0,South Korea,13400000.0,163591.0,912,17.0,4.0,502,26.0,898.0,391.0,385.0,2895,3.6,Bad
164,165,215.0,1.0,USA,130000000.0,107503316.0,392474,1229.0,451.0,18000,0.0,986.0,745.0,413.0,2530,7.7,Good
1439,1440,103.0,1.0,Canada,35000000.0,40687294.0,107772,398.0,228.0,0,212.0,15000.0,552.0,248.0,16249,5.4,Fair
3379,3380,82.0,0.0,USA,8000000.0,17278980.0,48225,164.0,40.0,0,33.0,744.0,503.0,475.0,2400,6.7,Good
4595,4596,88.0,0.0,USA,1000000.0,21210.0,2735,52.0,33.0,157,29.0,499.0,230.0,117.0,1141,6.1,Good
2206,2207,98.0,5.0,USA,30000000.0,32774834.0,136048,700.0,233.0,0,406.0,860.0,523.0,406.0,2609,7.2,Good
3716,3717,104.0,0.0,USA,5000000.0,27689474.0,85688,339.0,336.0,23000,59.0,972.0,407.0,202.0,2071,6.5,Good
3935,3936,106.0,0.0,USA,4000000.0,399793.0,2877,70.0,31.0,111,81.0,2000.0,811.0,687.0,4343,5.4,Fair
4240,4241,125.0,0.0,USA,2100000.0,3330.0,22,1.0,4.0,305,7.0,128.0,22.0,17.0,214,7.2,Good
4642,4643,91.0,0.0,USA,900000.0,381186.0,13485,90.0,65.0,698,91.0,982.0,796.0,659.0,3299,6.4,Good
3940,3941,85.0,1.0,Australia,1500000.0,265107.0,4617,93.0,51.0,614,0.0,945.0,774.0,209.0,2282,6.3,Good
3183,3184,121.0,2.0,USA,9000000.0,21569041.0,8058,57.0,91.0,0,57.0,1000.0,837.0,664.0,3745,6.6,Good
3496,3497,100.0,1.0,USA,7500000.0,9176553.0,19147,97.0,160.0,0,11.0,13000.0,3000.0,970.0,19330,7.1,Good
3710,3711,127.0,0.0,USA,5000000.0,,22123,108.0,69.0,0,130.0,617.0,53.0,51.0,799,7.2,Good
3884,3885,94.0,0.0,Canada,4000000.0,105500000.0,31260,152.0,75.0,0,84.0,110.0,95.0,95.0,582,6.2,Good
4103,4104,102.0,0.0,USA,3000000.0,1821983.0,31089,261.0,254.0,20000,0.0,40000.0,3000.0,387.0,43810,5.4,Fair
4739,4740,90.0,0.0,USA,500000.0,603943.0,26407,154.0,126.0,1000,9.0,710.0,634.0,595.0,2655,7.3,Good
1709,1710,511.0,0.0,Iceland,,,2308,19.0,16.0,0,,147.0,63.0,51.0,307,8.2,Excellent
1893,1894,107.0,2.0,UK,2800000.0,,80958,310.0,154.0,7000,503.0,264.0,139.0,108.0,673,7.6,Good
350,351,118.0,0.0,UK,95000000.0,88761720.0,141179,419.0,217.0,9000,0.0,8000.0,3000.0,1000.0,14024,5.9,Fair
4072,4073,84.0,2.0,UK,,229094.0,27650,88.0,246.0,0,85.0,13000.0,884.0,748.0,14696,6.9,Good
1659,1660,95.0,0.0,USA,30000000.0,35927406.0,36363,256.0,59.0,1000,40.0,663.0,349.0,342.0,2266,3.7,Bad
3360,3361,101.0,1.0,USA,8000000.0,59889948.0,355810,889.0,270.0,15000,36.0,7000.0,150.0,27.0,7227,7.9,Good
228,229,109.0,0.0,USA,115000000.0,93050117.0,338087,814.0,476.0,61000,662.0,13000.0,2000.0,1000.0,17689,6.6,Good
594,595,110.0,1.0,USA,70000000.0,42272747.0,78635,1040.0,284.0,0,0.0,3000.0,579.0,559.0,5609,5.6,Fair
1839,1840,139.0,0.0,USA,22000000.0,58328680.0,54096,494.0,153.0,0,0.0,3000.0,693.0,648.0,5458,7.5,Good
4019,4020,92.0,2.0,USA,3500000.0,,1928,10.0,7.0,482,14.0,2000.0,660.0,597.0,3854,5.4,Fair
2472,2473,89.0,1.0,Netherlands,17900000.0,,30215,95.0,59.0,0,130.0,444.0,312.0,183.0,1243,5.0,Fair
2273,2274,96.0,0.0,USA,20000000.0,13630226.0,112516,223.0,150.0,0,83.0,26000.0,968.0,926.0,30541,6.2,Good
3742,3743,135.0,2.0,USA,5000000.0,13269963.0,23202,173.0,68.0,0,407.0,11000.0,189.0,111.0,11400,7.6,Good
4259,4260,129.0,7.0,USA,2000000.0,34522221.0,15401,175.0,34.0,10000,589.0,690.0,589.0,341.0,2300,7.0,Good
4464,4465,83.0,0.0,Canada,1500000.0,1521.0,1231,10.0,56.0,932,5.0,413.0,197.0,98.0,843,5.7,Fair
227,228,77.0,0.0,USA,120000000.0,64736114.0,36471,69.0,71.0,459,50.0,886.0,799.0,537.0,2682,5.4,Fair
3143,3144,129.0,1.0,USA,10000000.0,16153600.0,8295,30.0,23.0,720,0.0,18000.0,269.0,203.0,19065,6.5,Good
3515,3516,112.0,0.0,UK,7000000.0,1738692.0,95529,301.0,389.0,38000,159.0,3000.0,294.0,77.0,3547,7.5,Good
4819,4820,98.0,2.0,USA,350000.0,,209,8.0,4.0,240,0.0,196.0,3.0,0.0,199,3.4,Bad
3057,3058,118.0,1.0,USA,11000000.0,9170214.0,171882,292.0,80.0,14000,529.0,40000.0,29000.0,472.0,69746,7.8,Good
3613,3614,84.0,1.0,USA,6000000.0,5895238.0,17169,70.0,133.0,9000,4.0,8000.0,806.0,546.0,10123,5.5,Fair
1951,1952,95.0,0.0,USA,25000000.0,17791031.0,109855,888.0,251.0,0,0.0,11000.0,876.0,98.0,11994,7.3,Good
1021,1022,108.0,2.0,USA,22000000.0,9528092.0,38513,127.0,214.0,9000,218.0,6000.0,3000.0,405.0,10191,6.8,Good
2497,2498,96.0,0.0,USA,17000000.0,37939782.0,62272,207.0,140.0,2000,36.0,1000.0,580.0,486.0,3294,5.6,Fair
2906,2907,140.0,0.0,Denmark,12800000.0,4157491.0,79330,690.0,177.0,0,3000.0,963.0,595.0,322.0,2894,8.0,Good
409,410,120.0,2.0,USA,85000000.0,112703470.0,69860,214.0,187.0,0,278.0,11000.0,2000.0,963.0,15226,6.6,Good
4482,4483,123.0,0.0,USA,1420000.0,,794,9.0,46.0,447,0.0,3000.0,372.0,161.0,4040,4.1,Fair
2851,2852,97.0,2.0,USA,18000000.0,27141959.0,19547,168.0,45.0,0,84.0,899.0,842.0,782.0,2936,2.5,Bad
4979,4980,70.0,1.0,USA,62000.0,,4752,152.0,95.0,1000,2.0,24.0,16.0,6.0,52,4.1,Fair
3252,3253,116.0,2.0,Canada,10000000.0,,2223,27.0,17.0,746,24.0,183.0,136.0,46.0,428,7.0,Good
3930,3931,102.0,0.0,USA,4000000.0,2601847.0,22457,69.0,115.0,26000,330.0,48.0,0.0,0.0,48,8.5,Excellent
2813,2814,117.0,2.0,China,12000000.0,,6069,34.0,50.0,1000,2.0,149.0,32.0,21.0,243,6.9,Good
3678,3679,104.0,0.0,USA,5000000.0,1056102.0,18792,153.0,91.0,1000,10.0,715.0,436.0,93.0,1315,6.6,Good
735,736,120.0,0.0,USA,65000000.0,100003492.0,293662,836.0,299.0,0,0.0,10000.0,851.0,680.0,13581,7.6,Good
4051,4052,98.0,0.0,USA,3000000.0,84749884.0,82133,359.0,264.0,14000,21.0,438.0,332.0,189.0,1081,5.7,Fair
1444,1445,95.0,1.0,USA,50000000.0,33422806.0,30771,164.0,46.0,0,19.0,1000.0,691.0,447.0,2643,4.8,Fair
4923,4924,78.0,0.0,USA,180000.0,,27,1.0,,88,0.0,0.0,0.0,0.0,0,8.7,Excellent
3412,3413,109.0,2.0,USA,8000000.0,336456.0,7116,79.0,66.0,494,200.0,21000.0,18000.0,1000.0,41645,5.6,Fair
2684,2685,85.0,0.0,USA,15000000.0,12701880.0,2037,22.0,37.0,175,12.0,354.0,173.0,23.0,568,5.7,Fair
1801,1802,42.0,2.0,USA,,,38177,131.0,7.0,11000,,766.0,638.0,535.0,2707,7.9,Good
2918,2919,80.0,0.0,France,9600000.0,71442.0,12029,32.0,99.0,0,2.0,6000.0,637.0,186.0,6829,7.9,Good
1179,1180,108.0,1.0,Hong Kong,41000000.0,22108977.0,29861,132.0,98.0,505,4.0,687.0,312.0,96.0,1134,5.2,Fair
2172,2173,107.0,1.0,USA,20000000.0,62933793.0,62421,185.0,123.0,10000,30.0,742.0,360.0,318.0,2341,5.8,Fair
1140,1141,96.0,0.0,USA,44000000.0,150415432.0,117606,217.0,96.0,0,170.0,13000.0,738.0,668.0,15662,6.4,Good
4771,4772,94.0,0.0,USA,150000.0,,60,2.0,3.0,381,0.0,918.0,402.0,212.0,2091,4.0,Bad
3566,3567,105.0,1.0,UK,4000000.0,2338695.0,134070,263.0,149.0,0,905.0,27000.0,594.0,466.0,29277,7.4,Good
2345,2346,102.0,3.0,China,25000000.0,,5154,29.0,29.0,314,10.0,483.0,472.0,60.0,1113,6.2,Good
4171,4172,86.0,2.0,USA,2800000.0,475000.0,6930,53.0,20.0,323,3.0,833.0,549.0,327.0,2753,6.0,Fair
3075,3076,97.0,3.0,UK,14000000.0,18535191.0,12980,132.0,105.0,646,32.0,893.0,692.0,327.0,2640,6.9,Good
2451,2452,114.0,4.0,UK,18000000.0,5694401.0,194489,192.0,209.0,12000,0.0,27000.0,18000.0,1000.0,46944,7.3,Good
3879,3880,98.0,0.0,USA,4200000.0,,59254,726.0,57.0,0,197.0,755.0,632.0,578.0,2553,5.2,Fair
1278,1279,119.0,1.0,USA,40000000.0,25178165.0,70292,274.0,94.0,8000,7.0,18000.0,9000.0,903.0,29484,6.7,Good
2939,2940,92.0,1.0,USA,12000000.0,31397498.0,44130,156.0,172.0,0,0.0,17000.0,527.0,451.0,18765,5.4,Fair
229,230,134.0,0.0,USA,105000000.0,57637485.0,183909,666.0,207.0,0,123.0,14000.0,850.0,567.0,17159,6.7,Good
1726,1727,93.0,0.0,Germany,,,4599,44.0,36.0,885,7.0,1000.0,898.0,480.0,3095,4.9,Fair
2339,2340,107.0,1.0,USA,20000000.0,1183354.0,13026,75.0,138.0,0,14.0,403.0,368.0,311.0,1577,5.1,Fair
3886,3887,96.0,5.0,USA,114000.0,,87978,580.0,284.0,0,0.0,125.0,108.0,56.0,403,8.0,Good
2795,2796,94.0,3.0,USA,,12550242.0,13866,55.0,97.0,488,0.0,12000.0,490.0,458.0,13446,5.5,Fair
2066,2067,98.0,2.0,USA,23000000.0,12782508.0,20163,71.0,45.0,1000,4.0,29000.0,22000.0,11000.0,63194,6.7,Good
4435,4436,93.0,1.0,USA,1500000.0,,7,,,132,228.0,310.0,228.0,134.0,771,7.6,Good
4124,4125,86.0,0.0,Ireland,,128937.0,2437,31.0,90.0,580,0.0,767.0,122.0,77.0,975,6.2,Good
3040,3041,92.0,0.0,USA,11000000.0,,36559,131.0,48.0,0,0.0,1000.0,898.0,842.0,3931,6.9,Good
1540,1541,123.0,1.0,USA,32000000.0,104632573.0,63839,118.0,53.0,0,226.0,3000.0,941.0,796.0,5975,6.4,Good
3408,3409,104.0,1.0,USA,8000000.0,16168741.0,99430,182.0,283.0,43000,109.0,480.0,12.0,7.0,517,7.4,Good
382,383,114.0,0.0,USA,90000000.0,60874615.0,60467,949.0,181.0,0,0.0,3000.0,933.0,281.0,4902,5.6,Fair
877,878,107.0,1.0,USA,50000000.0,20550712.0,40346,95.0,47.0,1000,99.0,18000.0,11000.0,581.0,31014,5.6,Fair
606,607,136.0,2.0,USA,70000000.0,52474616.0,84118,245.0,297.0,13000,0.0,903.0,592.0,17.0,1579,6.3,Good
4664,4665,95.0,2.0,USA,850000.0,,59,1.0,5.0,18,0.0,940.0,188.0,167.0,1484,7.4,Good
1395,1396,95.0,1.0,USA,35200000.0,37788228.0,15046,80.0,44.0,638,0.0,1000.0,812.0,642.0,4537,5.4,Fair
3910,3911,101.0,1.0,USA,3200000.0,8243880.0,28714,215.0,157.0,762,47.0,658.0,636.0,407.0,3086,7.0,Good
128,129,146.0,2.0,USA,150000000.0,133375846.0,207839,435.0,298.0,0,2000.0,15000.0,745.0,294.0,16948,6.7,Good
2362,2363,116.0,0.0,USA,19000000.0,210609762.0,732212,809.0,198.0,39000,0.0,1000.0,690.0,459.0,3230,8.5,Excellent
4137,4138,95.0,2.0,USA,3000000.0,,976,15.0,7.0,395,39.0,1000.0,747.0,375.0,3024,4.8,Fair
246,247,108.0,1.0,USA,116000000.0,67155742.0,62271,277.0,93.0,0,79.0,650.0,293.0,268.0,1569,5.8,Fair
3960,3961,103.0,5.0,USA,4000000.0,,2727,19.0,6.0,296,0.0,650.0,536.0,183.0,1585,6.6,Good
238,239,138.0,1.0,USA,120000000.0,132550960.0,328067,533.0,440.0,68000,446.0,20000.0,992.0,929.0,23755,6.7,Good
502,503,94.0,0.0,France,86000000.0,15131330.0,25843,64.0,101.0,941,0.0,563.0,80.0,14.0,683,6.0,Fair
4809,4810,123.0,1.0,USA,385907.0,,10718,88.0,69.0,691,204.0,436.0,22.0,9.0,481,8.0,Good
4678,4679,95.0,0.0,UK,500000.0,26297.0,25750,209.0,255.0,0,214.0,513.0,257.0,246.0,1269,6.3,Good
3206,3207,55.0,0.0,Poland,,447093.0,12591,37.0,53.0,0,,20.0,3.0,2.0,25,9.1,Excellent
3974,3975,97.0,0.0,UK,,304137.0,55982,148.0,246.0,17000,69.0,414.0,365.0,106.0,1269,7.3,Good
2498,2499,125.0,0.0,USA,170000000.0,172051787.0,264186,665.0,469.0,30000,364.0,12000.0,10000.0,1000.0,25549,6.8,Good
4575,4576,97.0,0.0,USA,1000000.0,464655.0,1524,29.0,28.0,166,4.0,611.0,394.0,301.0,1692,7.0,Good
2782,2783,109.0,0.0,USA,14000000.0,27515786.0,8904,31.0,12.0,0,309.0,592.0,556.0,279.0,1620,5.9,Fair
698,699,141.0,1.0,USA,62000000.0,122012710.0,69663,133.0,42.0,0,176.0,11000.0,913.0,672.0,14178,6.9,Good
4773,4774,90.0,0.0,USA,,,30,1.0,1.0,70,0.0,84.0,41.0,33.0,254,8.3,Excellent
1651,1652,113.0,0.0,USA,32000000.0,39568996.0,138435,527.0,304.0,0,171.0,430.0,72.0,63.0,814,6.6,Good
3703,3704,108.0,1.0,USA,5000000.0,43771291.0,79916,279.0,297.0,15000,0.0,1000.0,562.0,458.0,3215,7.1,Good
2677,2678,108.0,2.0,USA,15000000.0,24984868.0,50056,152.0,172.0,0,79.0,775.0,614.0,537.0,3033,6.3,Good
2556,2557,110.0,2.0,USA,15000000.0,30102717.0,28736,72.0,40.0,0,23.0,633.0,67.0,51.0,874,5.5,Fair
282,283,171.0,0.0,USA,103000000.0,187670866.0,982637,2368.0,265.0,21000,0.0,3000.0,933.0,695.0,6521,8.5,Excellent
4489,4490,114.0,0.0,India,7000000.0,13876974.0,19397,214.0,137.0,0,300.0,307.0,209.0,73.0,809,7.4,Good
3181,3182,100.0,0.0,UK,,5998971.0,58509,143.0,168.0,0,0.0,427.0,269.0,231.0,1022,6.6,Good
4992,4993,97.0,0.0,USA,4000000.0,,48236,180.0,161.0,10000,18.0,852.0,680.0,236.0,1922,6.1,Good
1777,1778,139.0,1.0,USA,28000000.0,31600000.0,34427,126.0,44.0,0,105.0,14000.0,1000.0,902.0,16125,6.9,Good
899,900,128.0,0.0,Germany,55000000.0,7221458.0,20740,178.0,127.0,0,234.0,14000.0,12000.0,581.0,27614,6.2,Good
556,557,116.0,2.0,USA,75000000.0,30013346.0,31293,254.0,132.0,648,41.0,11000.0,982.0,541.0,14028,5.3,Fair
4174,4175,66.0,0.0,Spain,2600000.0,38108.0,40878,124.0,173.0,0,76.0,123.0,76.0,36.0,239,7.2,Good
2346,2347,98.0,1.0,UK,20000000.0,,25450,118.0,29.0,0,5.0,18000.0,867.0,716.0,20472,6.7,Good
5039,5040,76.0,0.0,USA,1400.0,,38,3.0,13.0,16,0.0,0.0,0.0,0.0,0,6.3,Good
1645,1646,99.0,0.0,USA,30000000.0,42057340.0,158354,691.0,397.0,11000,0.0,2000.0,1000.0,828.0,5642,6.6,Good
2905,2906,94.0,0.0,UK,12500000.0,9030581.0,132386,398.0,185.0,38000,39.0,77.0,32.0,18.0,156,7.8,Good
1579,1580,103.0,0.0,USA,31000000.0,53133888.0,50389,136.0,74.0,0,155.0,687.0,151.0,125.0,1440,6.3,Good
618,619,116.0,2.0,UK,35000000.0,25093607.0,105556,157.0,189.0,17000,5.0,26000.0,22000.0,748.0,49608,6.5,Good
2257,2258,88.0,1.0,USA,35000000.0,16988996.0,3875,75.0,43.0,422,0.0,3000.0,968.0,939.0,8189,4.0,Bad
1161,1162,115.0,1.0,USA,42000000.0,41543207.0,30077,175.0,114.0,893,73.0,11000.0,3000.0,505.0,15571,6.3,Good
1818,1819,109.0,0.0,UK,25000000.0,,19568,208.0,56.0,0,181.0,303.0,146.0,137.0,960,6.7,Good
4092,4093,89.0,1.0,USA,3000000.0,,128334,349.0,104.0,0,21.0,240.0,177.0,124.0,1011,7.8,Good
3841,3842,104.0,0.0,USA,4500000.0,,50125,140.0,36.0,0,116.0,1000.0,511.0,83.0,1662,5.7,Fair
4903,4904,86.0,3.0,USA,200000.0,215185.0,48,2.0,7.0,26,0.0,178.0,58.0,15.0,279,7.5,Good
4150,4151,89.0,1.0,France,2200000.0,3645438.0,55040,539.0,251.0,0,192.0,447.0,236.0,142.0,923,6.8,Good
3921,3922,104.0,1.0,USA,4000000.0,4046737.0,67949,390.0,163.0,15000,30.0,769.0,413.0,296.0,2251,7.1,Good
415,416,130.0,1.0,USA,70000000.0,50016394.0,106528,257.0,80.0,0,323.0,670.0,442.0,330.0,2407,6.2,Good
4875,4876,107.0,0.0,USA,,,18486,215.0,66.0,11000,63.0,135.0,115.0,76.0,457,7.0,Good
3055,3056,88.0,0.0,USA,13000000.0,11501093.0,128850,604.0,221.0,10000,0.0,901.0,888.0,795.0,3913,7.6,Good
2578,2579,110.0,1.0,UK,16000000.0,5900000.0,98629,316.0,112.0,0,85.0,1000.0,309.0,186.0,1852,7.2,Good
2998,2999,114.0,0.0,USA,10000000.0,447750.0,18520,133.0,81.0,0,0.0,865.0,685.0,403.0,2126,7.2,Good
3949,3950,98.0,1.0,USA,650000.0,18469.0,34263,141.0,215.0,0,53.0,530.0,238.0,65.0,1038,6.5,Good
240,241,98.0,3.0,USA,135000000.0,187165546.0,150618,195.0,257.0,28000,16.0,16000.0,15000.0,12000.0,43286,7.3,Good
2812,2813,132.0,2.0,France,103000000.0,274299.0,11077,55.0,69.0,0,333.0,380.0,326.0,284.0,1429,7.3,Good
4818,4819,43.0,6.0,USA,,,72017,323.0,23.0,17000,,2000.0,821.0,576.0,5052,6.7,Good
2988,2989,100.0,0.0,USA,12000000.0,,763,10.0,2.0,135,55.0,3000.0,642.0,212.0,4277,5.7,Fair
4691,4692,104.0,,USA,1000000.0,,1354,17.0,23.0,523,0.0,601.0,524.0,195.0,1581,6.3,Good
1122,1123,100.0,0.0,Australia,45000000.0,17300889.0,27648,148.0,60.0,0,23.0,1000.0,642.0,579.0,3855,4.9,Fair
2276,2277,101.0,2.0,UK,30000000.0,12987647.0,24019,199.0,149.0,983,176.0,3000.0,268.0,83.0,3431,7.1,Good
3100,3101,178.0,3.0,USA,10000000.0,,43270,192.0,53.0,0,19.0,726.0,249.0,196.0,1554,7.8,Good
4378,4379,106.0,1.0,Mexico,,12589108.0,5526,58.0,75.0,0,36.0,953.0,399.0,345.0,2198,7.4,Good
3020,3021,100.0,2.0,UK,11500000.0,,3737,27.0,35.0,443,2.0,680.0,544.0,388.0,1780,6.0,Fair
1849,1850,94.0,0.0,USA,26000000.0,36985501.0,11212,94.0,69.0,874,906.0,2000.0,587.0,528.0,3917,5.2,Fair
483,484,129.0,1.0,USA,75000000.0,45356386.0,71574,244.0,137.0,951,258.0,2000.0,277.0,163.0,2864,5.9,Fair
1306,1307,100.0,2.0,USA,,12081447.0,7794,25.0,88.0,866,92.0,1000.0,760.0,706.0,4103,6.5,Good
403,404,44.0,1.0,USA,,,159910,270.0,103.0,59000,,544.0,183.0,148.0,996,8.6,Excellent
2335,2336,101.0,2.0,USA,,578382.0,41249,67.0,140.0,0,46.0,33000.0,4000.0,902.0,39515,6.3,Good
2961,2962,94.0,1.0,USA,12000000.0,16300302.0,64682,203.0,325.0,0,655.0,9000.0,786.0,390.0,10575,6.3,Good
417,418,104.0,5.0,USA,85000000.0,62494975.0,179500,378.0,158.0,0,681.0,584.0,227.0,159.0,1235,6.0,Fair
1428,1429,202.0,0.0,USA,33000000.0,48169908.0,63923,156.0,61.0,0,0.0,18000.0,848.0,318.0,20143,7.7,Good
3173,3174,40.0,2.0,USA,,,111506,173.0,68.0,0,,1000.0,722.0,476.0,2198,7.9,Good
1297,1298,122.0,0.0,France,77000000.0,33201661.0,534262,1314.0,242.0,39000,0.0,326.0,326.0,54.0,809,8.4,Excellent
3272,3273,90.0,0.0,India,600000000.0,1602466.0,9673,106.0,41.0,0,116.0,594.0,412.0,303.0,1836,6.0,Fair
4371,4372,87.0,0.0,USA,,,13,,,8,9.0,467.0,258.0,165.0,1270,8.7,Excellent
1718,1719,88.0,1.0,UK,30000000.0,2975649.0,23864,142.0,124.0,0,108.0,876.0,142.0,135.0,1518,7.0,Good
405,406,100.0,1.0,USA,85000000.0,66941559.0,26413,77.0,84.0,372,36.0,2000.0,795.0,439.0,4182,4.8,Fair
2864,2865,84.0,0.0,USA,13000000.0,8026971.0,1520,20.0,23.0,204,18.0,1000.0,851.0,744.0,3352,3.8,Bad
3113,3114,85.0,0.0,USA,20000000.0,32983713.0,19284,66.0,26.0,981,7.0,723.0,706.0,615.0,3712,5.8,Fair
2083,2084,127.0,0.0,USA,20000000.0,75597042.0,26434,174.0,92.0,0,102.0,2000.0,1000.0,1000.0,6657,7.0,Good
113,114,138.0,3.0,UK,150000000.0,292000866.0,355137,1108.0,329.0,0,282.0,21000.0,11000.0,687.0,33433,7.5,Good
4835,4836,104.0,1.0,Cameroon,,32631.0,291,8.0,27.0,50,0.0,2.0,0.0,,2,7.5,Good
1550,1551,113.0,2.0,USA,32000000.0,37911876.0,19671,47.0,88.0,0,14.0,918.0,845.0,534.0,3500,4.4,Fair
642,643,105.0,0.0,USA,69000000.0,37516013.0,128629,348.0,393.0,98000,335.0,3000.0,3000.0,911.0,8281,5.9,Fair
2110,2111,107.0,11.0,USA,22000000.0,12784713.0,56813,381.0,183.0,0,737.0,6000.0,718.0,678.0,8094,6.7,Good
3615,3616,96.0,0.0,Ireland,6000000.0,5359774.0,64794,131.0,261.0,17000,51.0,3000.0,482.0,28.0,3569,7.3,Good
1284,1285,108.0,1.0,USA,60000000.0,22433915.0,21319,166.0,104.0,416,105.0,22000.0,11000.0,616.0,34377,6.2,Good
3670,3671,105.0,0.0,Australia,5500000.0,35811509.0,43013,104.0,71.0,0,96.0,509.0,294.0,35.0,888,7.7,Good
3953,3954,119.0,4.0,USA,4000000.0,,3297,42.0,46.0,798,8.0,3000.0,3000.0,2000.0,10984,6.0,Fair
681,682,101.0,0.0,USA,65000000.0,28045540.0,67707,202.0,136.0,0,4000.0,17000.0,14000.0,539.0,32232,6.1,Good
583,584,116.0,2.0,USA,70000000.0,152149590.0,74274,255.0,103.0,0,0.0,8000.0,3000.0,995.0,12790,5.5,Fair
4492,4493,110.0,3.0,Germany,27000000.0,22494487.0,262160,507.0,202.0,10000,118.0,13000.0,11000.0,1000.0,26451,7.8,Good
4971,4972,80.0,3.0,USA,70000.0,,496,13.0,16.0,110,3.0,103.0,0.0,0.0,103,8.3,Excellent
2158,2159,94.0,2.0,USA,20000000.0,121697350.0,114610,176.0,61.0,0,122.0,1000.0,619.0,617.0,4263,7.0,Good
1117,1118,117.0,0.0,USA,45000000.0,20101861.0,24757,81.0,43.0,0,11000.0,905.0,484.0,451.0,2348,6.0,Fair
3299,3300,99.0,1.0,USA,9000000.0,4681503.0,29058,238.0,136.0,838,23.0,1000.0,710.0,471.0,2478,7.0,Good
3156,3157,104.0,0.0,USA,10000000.0,12514138.0,2801,28.0,16.0,1000,28.0,962.0,826.0,582.0,3871,7.4,Good
105,106,113.0,1.0,USA,170000000.0,76846624.0,21352,131.0,218.0,30000,33.0,40000.0,25000.0,11000.0,80806,6.4,Good
2889,2890,127.0,0.0,USA,13000000.0,301305.0,31414,180.0,110.0,0,11000.0,306.0,164.0,116.0,796,4.3,Fair
953,954,80.0,0.0,USA,35000000.0,75367693.0,58961,232.0,116.0,795,12.0,13000.0,258.0,58.0,13430,5.0,Fair
3126,3127,100.0,4.0,USA,10000000.0,25339117.0,37885,247.0,76.0,0,4.0,982.0,945.0,678.0,4259,6.5,Good
75,76,176.0,0.0,USA,175000000.0,88246220.0,144337,309.0,91.0,0,58.0,711.0,60.0,60.0,1004,6.1,Good
784,785,111.0,1.0,USA,60000000.0,32940507.0,54314,127.0,79.0,0,17.0,13000.0,968.0,652.0,16536,6.1,Good
3357,3358,119.0,2.0,USA,8550000.0,4992159.0,23823,201.0,66.0,713,422.0,861.0,499.0,422.0,3306,5.6,Fair
554,555,113.0,0.0,USA,52000000.0,34636443.0,93790,288.0,152.0,0,17.0,87000.0,13000.0,759.0,103354,6.6,Good
2527,2528,80.0,0.0,France,11000000.0,,10706,39.0,41.0,0,0.0,677.0,262.0,168.0,1364,6.6,Good
3022,3023,106.0,0.0,USA,11000000.0,148170000.0,142293,245.0,183.0,14000,287.0,767.0,281.0,233.0,2053,7.2,Good
3753,3754,99.0,1.0,USA,8000000.0,10572742.0,2326,21.0,45.0,738,1000.0,849.0,578.0,409.0,2269,6.1,Good
1330,1331,102.0,1.0,USA,,42640890.0,32412,184.0,110.0,0,36.0,747.0,452.0,433.0,1930,5.6,Fair
1390,1391,127.0,1.0,USA,36000000.0,14378353.0,12375,194.0,95.0,846,96.0,746.0,602.0,577.0,2393,6.8,Good
260,261,102.0,0.0,USA,110000000.0,106369117.0,225273,523.0,366.0,71000,263.0,6000.0,1000.0,1000.0,10583,6.2,Good
4293,4294,86.0,0.0,USA,3400000.0,535249.0,3467,13.0,46.0,974,10.0,189.0,131.0,126.0,768,4.6,Fair
2351,2352,96.0,2.0,USA,20000000.0,,21833,101.0,64.0,0,160.0,14000.0,1000.0,889.0,17957,5.6,Fair
4015,4016,96.0,0.0,USA,3500000.0,,961,12.0,4.0,211,0.0,708.0,574.0,460.0,2307,4.8,Fair
605,606,171.0,0.0,USA,69500000.0,54222000.0,131217,380.0,82.0,0,0.0,2000.0,650.0,638.0,4074,7.6,Good
4542,4543,112.0,0.0,USA,3500000.0,9701559.0,141425,283.0,377.0,25000,310.0,33000.0,2000.0,616.0,35941,7.4,Good
4895,4896,96.0,0.0,USA,200000.0,4505922.0,63951,252.0,77.0,0,218.0,4000.0,135.0,31.0,4230,7.4,Good
854,855,111.0,0.0,USA,30000000.0,70098138.0,735784,2105.0,354.0,13000,16000.0,926.0,890.0,640.0,3983,8.1,Excellent
109,110,113.0,4.0,USA,155000000.0,104383624.0,106446,227.0,228.0,11000,150.0,531.0,82.0,59.0,764,6.3,Good
2649,2650,106.0,0.0,USA,125000000.0,163192114.0,229687,637.0,344.0,15000,255.0,14000.0,1000.0,850.0,18003,5.8,Fair
3191,3192,89.0,0.0,USA,9000000.0,3193102.0,24412,240.0,111.0,944,0.0,402.0,296.0,132.0,1335,7.1,Good
639,640,117.0,0.0,USA,,27550735.0,27481,113.0,178.0,12000,44.0,788.0,562.0,531.0,3524,6.8,Good
946,947,90.0,1.0,USA,50000000.0,81517441.0,111368,394.0,143.0,0,241.0,1000.0,495.0,416.0,3148,7.1,Good
18,19,106.0,1.0,USA,225000000.0,179020854.0,268154,341.0,451.0,40000,188.0,10000.0,816.0,718.0,12572,6.8,Good
875,876,88.0,0.0,UK,55000000.0,31051126.0,36877,101.0,238.0,0,91.0,4000.0,796.0,591.0,6254,6.7,Good
517,518,92.0,0.0,USA,76000000.0,26000610.0,16611,197.0,49.0,413,5.0,22000.0,1000.0,924.0,28050,4.1,Fair
722,723,87.0,0.0,USA,60000000.0,93375151.0,46031,235.0,105.0,0,6.0,3000.0,664.0,405.0,4171,5.2,Fair
4295,4296,96.0,2.0,USA,6000000.0,371081.0,7479,86.0,46.0,857,0.0,49000.0,1000.0,902.0,51441,7.0,Good
1364,1365,97.0,2.0,Italy,38000000.0,,6691,28.0,21.0,366,2.0,4000.0,476.0,217.0,4900,4.8,Fair
399,400,116.0,4.0,USA,85000000.0,183405771.0,402645,845.0,186.0,0,0.0,11000.0,1000.0,471.0,13028,7.8,Good
3972,3973,92.0,3.0,USA,,,257,6.0,1.0,237,2.0,881.0,826.0,601.0,3229,7.3,Good
4330,4331,96.0,6.0,USA,2000000.0,,5732,26.0,33.0,0,68.0,2000.0,811.0,722.0,3683,6.1,Good
1914,1915,119.0,0.0,USA,25000000.0,39008741.0,44838,223.0,88.0,0,42.0,2000.0,953.0,917.0,6862,6.6,Good
496,497,118.0,4.0,USA,80000000.0,19673424.0,37446,232.0,205.0,0,252.0,529.0,48.0,30.0,619,5.8,Fair
3592,3593,89.0,0.0,USA,8000000.0,22168359.0,29659,227.0,88.0,1000,81.0,321.0,101.0,92.0,584,5.1,Fair
2822,2823,99.0,4.0,USA,14000000.0,12282677.0,28159,96.0,107.0,0,38.0,3000.0,837.0,390.0,4702,5.1,Fair
2390,2391,97.0,3.0,USA,18000000.0,150056505.0,216581,397.0,351.0,21000,89.0,920.0,798.0,329.0,2771,6.4,Good
1618,1619,118.0,1.0,USA,30000000.0,62877175.0,217507,325.0,253.0,0,89.0,15000.0,975.0,344.0,16758,7.2,Good
936,937,131.0,0.0,USA,52000000.0,125548685.0,135246,498.0,169.0,0,0.0,8000.0,883.0,658.0,10003,7.3,Good
4480,4481,118.0,5.0,USA,1250000.0,,15840,124.0,74.0,0,673.0,595.0,176.0,137.0,1129,7.8,Good
4926,4927,108.0,2.0,USA,,,6025,28.0,48.0,0,14.0,2000.0,1000.0,826.0,4385,5.8,Fair
2953,2954,118.0,1.0,USA,9000000.0,18761993.0,19007,219.0,125.0,549,57.0,975.0,931.0,805.0,2944,6.9,Good
1041,1042,118.0,2.0,USA,48000000.0,66488090.0,120202,397.0,75.0,0,176.0,18000.0,11000.0,308.0,29748,6.7,Good
1054,1055,96.0,1.0,USA,47000000.0,60154431.0,122347,345.0,72.0,0,0.0,2000.0,1000.0,302.0,3718,6.0,Fair
2731,2732,100.0,0.0,Cambodia,,,1933,13.0,17.0,708,5.0,192.0,134.0,46.0,527,5.6,Fair
4973,4974,86.0,1.0,USA,,33598.0,405,15.0,5.0,97,12.0,238.0,166.0,117.0,623,5.4,Fair
16,17,173.0,3.0,USA,220000000.0,623279547.0,995415,1722.0,703.0,123000,0.0,26000.0,21000.0,19000.0,87697,8.1,Excellent
1219,1220,137.0,0.0,USA,65000000.0,115603980.0,103589,351.0,322.0,35000,11000.0,769.0,698.0,465.0,2938,7.2,Good
3822,3823,93.0,0.0,USA,4800000.0,47277326.0,138814,1516.0,303.0,0,0.0,1000.0,1000.0,581.0,2990,5.9,Fair
2003,2004,131.0,2.0,Italy,13500000.0,85433.0,69676,131.0,124.0,31000,911.0,5000.0,234.0,232.0,5954,7.8,Good
114,115,157.0,1.0,UK,150000000.0,289994397.0,385670,1896.0,295.0,0,179.0,21000.0,11000.0,10000.0,53413,7.6,Good
1667,1668,106.0,0.0,USA,30000000.0,32154410.0,148327,274.0,450.0,29000,0.0,17000.0,681.0,273.0,18469,7.1,Good
4362,4363,109.0,1.0,USA,1800000.0,3050934.0,2794,78.0,39.0,0,9.0,767.0,380.0,280.0,2187,7.3,Good
1020,1021,135.0,1.0,USA,50000000.0,10400000.0,12037,90.0,34.0,943,596.0,10000.0,3000.0,2000.0,15820,5.1,Fair
2971,2972,93.0,3.0,USA,12000000.0,10198766.0,12007,105.0,53.0,507,32.0,529.0,526.0,503.0,2393,5.4,Fair
4003,4004,81.0,0.0,USA,3000000.0,3293258.0,11399,131.0,31.0,0,0.0,560.0,555.0,542.0,2238,5.2,Fair
4109,4110,87.0,0.0,USA,3000000.0,252726.0,1289,18.0,5.0,76,84.0,702.0,366.0,331.0,2715,7.2,Good
2529,2530,83.0,1.0,USA,17000000.0,4930798.0,16268,108.0,145.0,0,57.0,465.0,152.0,62.0,730,4.1,Fair
76,77,118.0,4.0,USA,175000000.0,150167630.0,174578,534.0,250.0,0,208.0,23000.0,2000.0,570.0,26683,5.8,Fair
2616,2617,94.0,1.0,USA,15000000.0,64001297.0,32002,103.0,111.0,0,87.0,17000.0,975.0,569.0,20154,6.2,Good
4848,4849,96.0,0.0,USA,250000.0,,1905,58.0,78.0,249,5.0,431.0,338.0,180.0,1228,4.5,Fair
1761,1762,110.0,1.0,USA,21000000.0,52353636.0,209133,962.0,220.0,0,0.0,13000.0,1000.0,327.0,14609,7.6,Good
2900,2901,109.0,0.0,USA,13000000.0,214966.0,28483,176.0,225.0,0,187.0,818.0,467.0,204.0,1813,6.1,Good
359,360,94.0,0.0,USA,92000000.0,125305545.0,145350,643.0,181.0,0,368.0,13000.0,1000.0,466.0,15419,5.5,Fair
2668,2669,95.0,0.0,USA,15000000.0,20998709.0,6095,76.0,46.0,1000,15.0,1000.0,786.0,461.0,3845,6.2,Good
2117,2118,145.0,1.0,Netherlands,21000000.0,4398392.0,59507,232.0,231.0,0,719.0,2000.0,380.0,104.0,2590,7.8,Good
278,279,22.0,0.0,,,,6,,,0,0.0,5.0,,,5,7.2,Good
4776,4777,84.0,2.0,USA,500000.0,,15,1.0,1.0,9,0.0,385.0,169.0,53.0,683,5.2,Fair
2240,2241,24.0,0.0,Japan,,,12417,51.0,6.0,124,,0.0,,,0,7.0,Good
3378,3379,112.0,0.0,USA,,18811135.0,15337,172.0,95.0,0,3.0,876.0,801.0,268.0,2832,7.5,Good
4421,4422,93.0,1.0,USA,1500000.0,,95,3.0,6.0,307,6.0,393.0,191.0,56.0,792,5.5,Fair
4545,4546,109.0,8.0,USA,900000.0,9000000.0,7584,137.0,101.0,0,199.0,503.0,46.0,44.0,731,6.2,Good
300,301,104.0,0.0,USA,100000000.0,75030163.0,108076,1690.0,170.0,0,14.0,3000.0,762.0,203.0,4487,5.1,Fair
3574,3575,107.0,1.0,UK,6500000.0,38400000.0,600266,692.0,204.0,13000,0.0,2000.0,663.0,255.0,3582,8.1,Excellent
3722,3723,77.0,1.0,USA,5000000.0,19421271.0,2448,18.0,28.0,122,0.0,2000.0,804.0,73.0,2908,5.0,Fair
1324,1325,126.0,5.0,South Korea,39200000.0,4563029.0,181472,514.0,488.0,58000,584.0,11000.0,557.0,398.0,12286,7.0,Good
2309,2310,99.0,3.0,UK,15000000.0,5702083.0,80617,190.0,345.0,36000,0.0,13000.0,10000.0,691.0,23755,6.5,Good
2225,2226,109.0,6.0,UK,20000000.0,26003149.0,185587,401.0,427.0,49000,1000.0,177.0,55.0,24.0,278,7.0,Good
4185,4186,112.0,0.0,USA,2500000.0,,15277,120.0,65.0,1000,58.0,617.0,189.0,124.0,1141,7.9,Good
34,35,104.0,0.0,USA,200000000.0,268488329.0,235025,265.0,376.0,44000,37.0,12000.0,779.0,760.0,14863,7.3,Good
4444,4445,97.0,3.0,USA,1500000.0,,735,18.0,6.0,402,764.0,835.0,522.0,492.0,2882,3.1,Bad
1312,1313,84.0,3.0,France,40000000.0,4777007.0,15130,98.0,61.0,565,8.0,545.0,248.0,219.0,1149,5.8,Fair
933,934,143.0,2.0,USA,50000000.0,2175312.0,131227,346.0,272.0,41000,285.0,11000.0,8000.0,7000.0,28176,6.3,Good
3107,3108,124.0,3.0,UK,10000000.0,46377022.0,75306,266.0,264.0,48000,108.0,1000.0,400.0,186.0,1898,7.3,Good
1376,1377,113.0,5.0,USA,37000000.0,72279690.0,17948,86.0,131.0,0,188.0,11000.0,680.0,631.0,14209,6.9,Good
1500,1501,330.0,2.0,USA,35000000.0,4496583.0,23181,129.0,12.0,6000,138.0,848.0,674.0,672.0,3227,8.0,Good
4609,4610,76.0,0.0,USA,1000000.0,,9190,75.0,14.0,501,57.0,442.0,403.0,228.0,1635,6.7,Good
4798,4799,88.0,3.0,USA,218.0,592014.0,5709,114.0,72.0,754,20.0,58.0,20.0,0.0,78,7.2,Good
950,951,95.0,2.0,USA,50000000.0,88658172.0,58412,242.0,143.0,2000,9.0,14000.0,11000.0,11000.0,37967,5.6,Fair
3273,3274,130.0,1.0,Denmark,7400000.0,3029870.0,128729,551.0,439.0,50000,3000.0,10000.0,4000.0,844.0,15835,7.1,Good
3579,3580,123.0,6.0,USA,6000000.0,2122561.0,99033,434.0,93.0,0,0.0,1000.0,898.0,781.0,3254,7.2,Good
891,892,117.0,1.0,USA,54000000.0,81645152.0,158267,559.0,224.0,0,0.0,12000.0,919.0,845.0,15371,6.7,Good
4842,4843,110.0,0.0,USA,,1711.0,82,1.0,4.0,175,44.0,644.0,503.0,221.0,1440,6.6,Good
1070,1071,127.0,1.0,UK,25000000.0,14946229.0,2581,29.0,72.0,0,65.0,788.0,423.0,345.0,2104,7.3,Good
4563,4564,86.0,2.0,UK,1000000.0,1277257.0,2629,32.0,18.0,227,132.0,778.0,695.0,584.0,2400,6.8,Good
4258,4259,137.0,3.0,Germany,2000000.0,11284657.0,259379,407.0,215.0,39000,207.0,380.0,284.0,155.0,927,8.5,Excellent
3612,3613,102.0,1.0,USA,6000000.0,11434867.0,59637,130.0,216.0,21000,49.0,24000.0,14000.0,10000.0,51355,7.1,Good
4288,4289,100.0,0.0,UK,2000000.0,1134049.0,5475,44.0,107.0,0,90.0,168.0,142.0,65.0,408,8.1,Excellent
4202,4203,100.0,1.0,USA,2500000.0,71904.0,806,18.0,18.0,140,0.0,640.0,261.0,249.0,1491,5.7,Fair
1198,1199,89.0,8.0,USA,45000000.0,90703745.0,93748,410.0,151.0,1000,119.0,2000.0,869.0,807.0,5855,5.1,Fair
1796,1797,109.0,2.0,USA,30000000.0,49185998.0,74476,184.0,148.0,15000,415.0,673.0,489.0,228.0,1775,7.4,Good
4802,4803,22.0,0.0,USA,,,7458,82.0,11.0,526,,59.0,11.0,6.0,81,8.2,Excellent
1749,1750,83.0,0.0,USA,24000000.0,100491683.0,14005,67.0,45.0,418,5.0,971.0,503.0,368.0,3438,5.9,Fair
3712,3713,124.0,1.0,USA,5000000.0,,161972,356.0,117.0,9000,0.0,12000.0,754.0,452.0,13864,8.2,Excellent
4462,4463,135.0,2.0,USA,1592000.0,638951.0,775,19.0,15.0,100,5.0,51.0,24.0,5.0,83,7.4,Good
4297,4298,91.0,1.0,USA,2000000.0,124494.0,5613,102.0,51.0,0,4.0,33.0,3.0,0.0,36,6.7,Good
668,669,117.0,1.0,USA,65000000.0,63695760.0,61490,264.0,141.0,0,179.0,8000.0,4000.0,403.0,12850,6.4,Good
156,157,90.0,1.0,USA,100000000.0,110332737.0,110788,258.0,135.0,2000,23.0,957.0,550.0,233.0,1997,6.1,Good
379,380,129.0,6.0,USA,90000000.0,64685359.0,40862,139.0,196.0,15000,209.0,11000.0,11000.0,886.0,23031,6.9,Good
559,560,93.0,0.0,USA,75000000.0,5409517.0,14280,171.0,74.0,683,253.0,3000.0,889.0,637.0,5580,4.7,Fair
1255,1256,111.0,0.0,USA,40000000.0,38176892.0,104119,518.0,420.0,26000,0.0,2000.0,741.0,687.0,4486,6.2,Good
3278,3279,106.0,2.0,USA,10000000.0,3571735.0,39260,129.0,259.0,0,50.0,17000.0,908.0,741.0,21711,6.6,Good
259,260,60.0,4.0,USA,,,25402,97.0,29.0,0,,669.0,554.0,432.0,1655,7.6,Good
2951,2952,55.0,2.0,USA,,,173172,302.0,68.0,31000,,1000.0,939.0,898.0,6091,8.6,Excellent
2841,2842,107.0,5.0,USA,13000000.0,44726644.0,42614,120.0,50.0,0,58.0,549.0,439.0,316.0,1747,6.8,Good
4373,4374,111.0,13.0,USA,1800000.0,,686,8.0,4.0,569,21.0,761.0,713.0,685.0,4306,5.4,Fair
1368,1369,150.0,7.0,USA,37000000.0,92173235.0,280228,420.0,378.0,29000,0.0,10000.0,4000.0,206.0,14296,7.6,Good
2687,2688,121.0,4.0,USA,15000000.0,12549485.0,4603,91.0,81.0,489,16.0,907.0,585.0,526.0,3633,6.2,Good
3660,3661,25.0,0.0,UK,,,55987,42.0,15.0,0,,229.0,223.0,220.0,1239,8.4,Excellent
1814,1815,94.0,1.0,West Germany,27000000.0,,99557,284.0,99.0,21000,249.0,523.0,312.0,271.0,1560,7.4,Good
763,764,124.0,0.0,USA,61000000.0,46975183.0,256213,338.0,198.0,0,845.0,650.0,467.0,295.0,1640,7.2,Good
3027,3028,112.0,1.0,USA,11000000.0,90556401.0,43795,171.0,128.0,0,197.0,755.0,734.0,632.0,3507,4.5,Fair
2986,2987,109.0,5.0,UK,12000000.0,2326407.0,5016,99.0,61.0,305,40.0,5000.0,1000.0,794.0,7166,7.0,Good
2349,2350,98.0,4.0,USA,20000000.0,,50,3.0,2.0,70,2.0,729.0,282.0,53.0,1092,4.8,Fair
297,298,78.0,1.0,USA,100000000.0,89296573.0,128285,297.0,141.0,0,10.0,558.0,452.0,253.0,2039,7.3,Good
3352,3353,150.0,1.0,USA,8500000.0,140244.0,20419,259.0,147.0,8000,163.0,2000.0,716.0,636.0,4168,6.7,Good
270,271,120.0,0.0,USA,110000000.0,24004159.0,68720,191.0,188.0,0,153.0,1000.0,1000.0,447.0,3175,5.8,Fair
3536,3537,88.0,0.0,USA,7000000.0,,8589,70.0,112.0,0,0.0,1000.0,844.0,507.0,3150,4.8,Fair
3084,3085,144.0,5.0,India,,1165104.0,8598,43.0,10.0,250,0.0,564.0,154.0,119.0,1121,5.3,Fair
1066,1067,111.0,2.0,USA,45000000.0,92001027.0,97838,286.0,143.0,3000,906.0,1000.0,1000.0,906.0,6315,7.6,Good
4588,4589,90.0,1.0,USA,,112521.0,455,16.0,13.0,25,165.0,978.0,922.0,679.0,3258,5.7,Fair
812,813,114.0,1.0,USA,60000000.0,12065985.0,16260,88.0,56.0,296,65.0,743.0,730.0,440.0,2367,4.9,Fair
73,74,96.0,0.0,USA,175000000.0,100289690.0,115099,257.0,186.0,2000,293.0,87000.0,11000.0,7000.0,108016,5.4,Fair
1119,1120,124.0,0.0,USA,45000000.0,19719930.0,42621,531.0,150.0,0,0.0,723.0,44.0,19.0,793,6.8,Good
4524,4525,76.0,0.0,Italy,1100000.0,,332,10.0,9.0,200,0.0,12.0,0.0,0.0,12,2.6,Bad
1870,1871,93.0,0.0,France,25000000.0,145000989.0,483756,974.0,309.0,29000,180.0,14000.0,816.0,485.0,16461,7.9,Good
62,63,110.0,2.0,USA,180000000.0,124051759.0,42372,239.0,248.0,29000,282.0,11000.0,10000.0,103.0,21175,6.6,Good
3235,3236,90.0,2.0,USA,8000000.0,100503.0,7759,20.0,22.0,1000,0.0,806.0,690.0,617.0,3124,5.9,Fair
5017,5018,120.0,1.0,USA,20000.0,,2986,49.0,5.0,725,589.0,51.0,49.0,4.0,108,6.9,Good
2806,2807,84.0,4.0,USA,14000000.0,3100650.0,7277,181.0,64.0,231,12.0,159.0,102.0,102.0,417,3.9,Bad
1521,1522,141.0,1.0,UK,35000000.0,8324748.0,21223,108.0,211.0,13000,56.0,113.0,98.0,38.0,301,7.1,Good
3533,3534,97.0,3.0,UK,7000000.0,233103.0,2670,50.0,49.0,311,554.0,876.0,838.0,530.0,2544,6.9,Good
4646,4647,70.0,0.0,USA,,102797150.0,94225,136.0,116.0,0,11.0,16.0,12.0,8.0,63,7.4,Good
102,103,137.0,1.0,USA,160000000.0,281666058.0,166137,383.0,389.0,38000,508.0,34000.0,22000.0,14000.0,81385,6.6,Good
4754,4755,94.0,0.0,UK,500000.0,237301.0,75669,451.0,344.0,19000,380.0,660.0,280.0,113.0,1118,6.4,Good
138,139,90.0,0.0,USA,150000000.0,165230261.0,182718,209.0,284.0,20000,90.0,11000.0,10000.0,15.0,21015,7.3,Good
81,82,97.0,2.0,USA,180000000.0,241407328.0,252257,634.0,401.0,89000,171.0,11000.0,2000.0,846.0,15516,7.0,Good
2050,2051,127.0,0.0,USA,18000000.0,290158751.0,837759,900.0,223.0,17000,883.0,11000.0,504.0,441.0,12643,8.8,Excellent
3202,3203,98.0,0.0,Canada,8000000.0,1641788.0,30096,213.0,157.0,0,0.0,530.0,387.0,258.0,1381,6.8,Good
3896,3897,105.0,2.0,USA,4000000.0,,9007,50.0,34.0,661,0.0,597.0,222.0,116.0,1218,7.3,Good
2000,2001,91.0,0.0,USA,,12495865.0,7100,35.0,73.0,0,80.0,473.0,31.0,31.0,539,6.8,Good
3418,3419,142.0,2.0,UK,,,6053,33.0,9.0,0,,27000.0,698.0,427.0,29196,7.7,Good
1478,1479,98.0,1.0,UK,31000000.0,16831505.0,51842,173.0,129.0,0,12.0,4000.0,4000.0,663.0,9330,6.3,Good
961,962,45.0,2.0,UK,,,1824,9.0,2.0,0,,416.0,171.0,132.0,1816,7.9,Good
1843,1844,85.0,0.0,USA,26000000.0,57859105.0,94108,673.0,224.0,0,0.0,332.0,285.0,178.0,1090,6.5,Good
833,834,95.0,0.0,Canada,56000000.0,113006880.0,66308,225.0,125.0,0,163.0,14000.0,799.0,650.0,16884,5.5,Fair
3844,3845,115.0,0.0,USA,4500000.0,,13474,115.0,42.0,0,1000.0,232.0,169.0,68.0,588,7.4,Good
1226,1227,106.0,2.0,USA,50000000.0,57887882.0,35508,211.0,118.0,0,23.0,1000.0,593.0,418.0,2325,6.1,Good
4418,4419,99.0,0.0,France,1500000.0,418953.0,17322,93.0,37.0,853,675.0,902.0,424.0,164.0,1582,6.5,Good
1204,1205,128.0,0.0,USA,40000000.0,95001343.0,66511,200.0,216.0,28000,241.0,11000.0,3000.0,898.0,16911,7.5,Good
2370,2371,85.0,1.0,UK,19000000.0,15911333.0,2855,119.0,47.0,663,2.0,1000.0,539.0,402.0,2429,3.6,Bad
4389,4390,102.0,0.0,USA,,2507106.0,2561,21.0,15.0,0,11.0,651.0,611.0,575.0,3894,6.1,Good
1933,1934,93.0,1.0,UK,25000000.0,29247405.0,28377,261.0,33.0,0,14.0,1000.0,401.0,199.0,2176,3.3,Bad
3666,3667,105.0,9.0,USA,,531806.0,548,6.0,9.0,277,12.0,25.0,11.0,10.0,72,3.4,Bad
4398,4399,111.0,2.0,USA,1650000.0,2580.0,1618,40.0,22.0,63,1000.0,2000.0,163.0,127.0,2564,5.4,Fair
1402,1403,129.0,0.0,USA,29000000.0,255950375.0,223127,420.0,261.0,38000,102.0,768.0,734.0,624.0,3389,7.7,Good
4249,4250,89.0,0.0,USA,2000000.0,,33335,128.0,66.0,0,11000.0,11000.0,66.0,45.0,11192,7.3,Good
2718,2719,107.0,2.0,France,15000000.0,5023275.0,34194,199.0,172.0,0,0.0,572.0,324.0,289.0,1627,7.5,Good
11,12,106.0,1.0,UK,200000000.0,168368427.0,330784,1243.0,403.0,0,395.0,451.0,412.0,393.0,2023,6.7,Good
2876,2877,112.0,1.0,USA,13000000.0,3169424.0,18442,59.0,104.0,689,37.0,748.0,573.0,548.0,2417,6.8,Good
4508,4509,99.0,2.0,Canada,1200000.0,,652,11.0,18.0,161,0.0,721.0,134.0,5.0,862,4.5,Fair
499,500,97.0,0.0,Australia,80000000.0,18318000.0,24868,216.0,61.0,964,750.0,1000.0,971.0,231.0,2521,5.8,Fair
2421,2422,122.0,0.0,USA,18000000.0,,17277,124.0,45.0,0,0.0,643.0,559.0,191.0,2032,7.2,Good
1372,1373,123.0,0.0,UK,38000000.0,26903709.0,312629,475.0,393.0,83000,2000.0,26000.0,10000.0,471.0,37206,8.1,Excellent
4817,4818,90.0,2.0,Germany,,84689.0,695,16.0,45.0,70,0.0,0.0,0.0,0.0,0,7.5,Good
4000,4001,87.0,1.0,USA,3500000.0,,49672,419.0,184.0,3000,0.0,1000.0,177.0,83.0,1592,7.2,Good
4583,4584,135.0,1.0,USA,65000000.0,43982842.0,125114,593.0,308.0,16000,0.0,873.0,559.0,310.0,2369,6.7,Good
3830,3831,90.0,1.0,Denmark,4800000.0,778565.0,83234,475.0,440.0,30000,0.0,33000.0,1000.0,428.0,34779,5.7,Fair
4980,4981,75.0,2.0,USA,100000.0,,683,8.0,13.0,182,0.0,267.0,87.0,46.0,488,6.8,Good
4832,4833,80.0,1.0,USA,200000.0,856942.0,12241,112.0,189.0,0,129.0,375.0,44.0,26.0,460,7.1,Good
3524,3525,95.0,1.0,USA,10000000.0,306715.0,5143,62.0,12.0,724,43.0,1000.0,788.0,611.0,5213,2.3,Bad
3112,3113,80.0,0.0,USA,10000000.0,33583175.0,104089,319.0,273.0,16000,66.0,2000.0,904.0,816.0,5628,6.3,Good
1127,1128,160.0,0.0,USA,45000000.0,7916887.0,15697,182.0,158.0,0,0.0,23000.0,1000.0,826.0,26982,6.0,Fair
2978,2979,95.0,0.0,Australia,8000000.0,6739141.0,23383,68.0,58.0,1000,216.0,1000.0,1000.0,968.0,4755,5.9,Fair
3109,3110,107.0,2.0,Australia,12305523.0,36200000.0,101840,193.0,117.0,0,750.0,794.0,531.0,60.0,1529,6.2,Good
4452,4453,101.0,,USA,2000000.0,,162,8.0,9.0,724,20.0,1000.0,301.0,256.0,2419,4.8,Fair
4611,4612,99.0,2.0,USA,1000000.0,,1420,26.0,23.0,138,0.0,363.0,275.0,131.0,997,6.2,Good
1040,1041,120.0,0.0,USA,49000000.0,31569268.0,172965,627.0,371.0,67000,662.0,20000.0,2000.0,502.0,23051,6.9,Good
4929,4930,78.0,2.0,USA,150000.0,2882062.0,5178,101.0,91.0,132,56.0,376.0,346.0,184.0,1144,6.3,Good
2820,2821,97.0,1.0,USA,12000000.0,56631572.0,123390,248.0,88.0,0,143.0,927.0,281.0,201.0,1724,6.8,Good
937,938,116.0,2.0,USA,50000000.0,105807520.0,156717,357.0,140.0,0,80.0,11000.0,1000.0,651.0,14087,6.4,Good
4395,4396,113.0,2.0,USA,1600000.0,,74651,313.0,149.0,6000,0.0,11000.0,481.0,324.0,12157,7.9,Good
29,30,143.0,0.0,UK,200000000.0,304360277.0,522030,1498.0,750.0,80000,0.0,883.0,563.0,393.0,2039,7.8,Good
2139,2140,92.0,0.0,France,21000000.0,25296447.0,237248,460.0,171.0,0,255.0,26000.0,1000.0,447.0,27572,6.8,Good
504,505,102.0,0.0,UK,52000000.0,1891821.0,16474,301.0,113.0,785,0.0,1000.0,307.0,212.0,1890,4.2,Fair
4194,4195,89.0,3.0,USA,2500000.0,3325638.0,52509,84.0,252.0,13000,14.0,902.0,291.0,215.0,1980,7.1,Good
657,658,158.0,1.0,USA,61000000.0,148775460.0,243834,845.0,488.0,144000,0.0,20000.0,13000.0,11000.0,46204,7.6,Good
1411,1412,123.0,2.0,USA,35000000.0,81159365.0,191470,278.0,144.0,0,126.0,18000.0,5000.0,1000.0,25661,6.8,Good
4521,4522,110.0,1.0,Canada,1100000.0,56129.0,6555,82.0,97.0,0,22.0,434.0,95.0,48.0,645,6.1,Good
3987,3988,97.0,2.0,USA,3500000.0,27900000.0,39508,96.0,28.0,0,117.0,851.0,582.0,556.0,3036,7.5,Good
388,389,100.0,3.0,USA,120000000.0,56114221.0,110486,695.0,369.0,41000,128.0,596.0,360.0,78.0,1261,4.3,Fair
2183,2184,128.0,0.0,UK,20000000.0,52066000.0,61114,212.0,364.0,22000,151.0,1000.0,1000.0,852.0,3869,7.5,Good
2590,2591,110.0,0.0,France,16000000.0,,12817,43.0,69.0,0,22.0,5000.0,170.0,44.0,5273,6.7,Good
1624,1625,95.0,3.0,USA,19000000.0,58156435.0,37479,152.0,94.0,0,65.0,506.0,316.0,246.0,1266,5.9,Fair
2825,2826,110.0,7.0,UK,15000000.0,14989761.0,185845,284.0,401.0,52000,454.0,2000.0,906.0,816.0,4757,7.2,Good
2853,2854,100.0,1.0,USA,13000000.0,26539321.0,7984,42.0,25.0,833,15.0,694.0,558.0,388.0,2486,5.9,Fair
2799,2800,86.0,5.0,USA,14000000.0,10397365.0,11693,104.0,61.0,613,70.0,878.0,834.0,169.0,2165,5.4,Fair
2496,2497,90.0,0.0,Canada,20000000.0,45670855.0,67978,279.0,178.0,12000,52.0,723.0,346.0,298.0,1978,5.6,Fair
173,174,115.0,3.0,USA,120000000.0,292298923.0,185394,329.0,322.0,65000,386.0,21000.0,17000.0,12000.0,59177,5.5,Fair
600,601,116.0,0.0,USA,70000000.0,83552429.0,154955,800.0,355.0,25000,473.0,833.0,697.0,464.0,4001,5.8,Fair
186,187,115.0,3.0,USA,120000000.0,292298923.0,185394,329.0,322.0,65000,386.0,21000.0,17000.0,12000.0,59177,5.5,Fair
1944,1945,136.0,0.0,USA,25000000.0,21554585.0,36108,109.0,48.0,0,0.0,18000.0,14000.0,3000.0,37315,6.9,Good
3659,3660,94.0,2.0,UK,,69582.0,867,21.0,12.0,109,0.0,722.0,338.0,136.0,1477,6.4,Good
2201,2202,127.0,1.0,USA,20000000.0,35422828.0,19126,155.0,37.0,0,16.0,565.0,441.0,399.0,1735,6.7,Good
2743,2744,104.0,2.0,South Africa,15000000.0,,609,15.0,17.0,705,36.0,549.0,248.0,2.0,801,6.0,Fair
3744,3745,89.0,0.0,USA,5000000.0,12947763.0,10624,125.0,96.0,0,17.0,690.0,190.0,85.0,1160,6.2,Good
1124,1125,212.0,0.0,USA,50000000.0,13560960.0,23996,161.0,83.0,915,0.0,12000.0,5000.0,805.0,21130,7.1,Good
3996,3997,93.0,2.0,USA,3500000.0,10305534.0,1721,38.0,19.0,280,0.0,625.0,118.0,78.0,987,3.9,Bad
35,36,150.0,0.0,USA,200000000.0,402076689.0,323207,1439.0,366.0,0,0.0,894.0,581.0,464.0,3218,6.0,Fair
3998,3999,105.0,2.0,USA,3500000.0,6390032.0,24977,229.0,127.0,0,386.0,3000.0,258.0,248.0,4238,7.5,Good
1823,1824,89.0,5.0,USA,27000000.0,38536376.0,15866,83.0,76.0,0,0.0,2000.0,734.0,640.0,4311,3.6,Bad
201,202,159.0,4.0,UK,125000000.0,317557891.0,444683,1571.0,258.0,16000,0.0,11000.0,687.0,645.0,13191,7.5,Good
3946,3947,112.0,0.0,Australia,16000000.0,317125.0,23334,87.0,141.0,0,105.0,18000.0,6000.0,748.0,25269,6.2,Good
1866,1867,125.0,5.0,USA,25000000.0,219200000.0,181380,223.0,57.0,0,0.0,49000.0,1000.0,711.0,52201,6.9,Good
959,960,132.0,1.0,USA,54000000.0,70496802.0,791783,2042.0,525.0,48000,160.0,20000.0,979.0,443.0,22417,8.2,Excellent
1194,1195,128.0,3.0,USA,40000000.0,107458785.0,71754,166.0,41.0,0,545.0,15000.0,923.0,251.0,16751,7.2,Good
1504,1505,135.0,1.0,France,,1877179.0,4885,25.0,28.0,262,22.0,837.0,541.0,45.0,1508,7.1,Good
4419,4420,98.0,0.0,USA,1500000.0,406035.0,30314,159.0,84.0,0,21.0,33000.0,243.0,76.0,33441,7.2,Good
739,740,105.0,1.0,USA,60000000.0,73648142.0,99043,643.0,199.0,0,212.0,1000.0,975.0,811.0,3697,5.8,Fair
4145,4146,80.0,1.0,USA,3000000.0,,2425,31.0,28.0,968,81.0,640.0,277.0,214.0,1517,4.9,Fair
4125,4126,83.0,1.0,USA,3000000.0,,7358,39.0,58.0,0,8.0,798.0,634.0,617.0,4756,5.3,Fair
3269,3270,89.0,7.0,USA,,113155.0,9006,54.0,106.0,0,100.0,33000.0,947.0,327.0,34398,6.1,Good
944,945,125.0,1.0,USA,50000000.0,127997349.0,101178,779.0,321.0,90000,252.0,40000.0,11000.0,10000.0,62837,6.0,Fair
4982,4983,87.0,0.0,USA,70000.0,,13065,136.0,125.0,3000,59.0,35.0,28.0,9.0,97,5.8,Fair
1704,1705,101.0,0.0,USA,23000000.0,12189514.0,30092,129.0,65.0,0,3.0,448.0,143.0,120.0,842,6.1,Good
3556,3557,108.0,1.0,USA,6500000.0,54215416.0,21409,63.0,18.0,0,7.0,699.0,63.0,51.0,936,6.8,Good
4972,4973,84.0,0.0,USA,60000.0,3216970.0,142619,586.0,138.0,24000,0.0,1000.0,512.0,194.0,2065,7.5,Good
3395,3396,140.0,3.0,UK,,25967000.0,21254,86.0,51.0,788,133.0,12000.0,898.0,136.0,13180,7.5,Good
3828,3829,101.0,3.0,USA,4700000.0,8025872.0,19234,258.0,159.0,0,365.0,237.0,28.0,14.0,302,5.5,Fair
3580,3581,110.0,2.0,USA,6000000.0,181360000.0,170027,350.0,124.0,13000,116.0,1000.0,944.0,898.0,5127,7.2,Good
1086,1087,83.0,7.0,USA,45000000.0,71277420.0,119590,548.0,127.0,0,322.0,1000.0,422.0,179.0,1645,5.2,Fair
367,368,95.0,0.0,USA,120000000.0,84037039.0,72591,289.0,146.0,0,21.0,12000.0,802.0,503.0,15237,6.8,Good
4443,4444,102.0,,USA,2000000.0,,108,1.0,,232,5.0,3000.0,660.0,259.0,4320,8.2,Excellent
3276,3277,116.0,0.0,UK,11000000.0,78900000.0,563827,1110.0,392.0,23000,0.0,1000.0,581.0,513.0,2524,8.5,Excellent
2631,2632,112.0,1.0,USA,15000000.0,42919096.0,64747,122.0,238.0,12000,29.0,12000.0,1000.0,874.0,15800,6.5,Good
598,599,119.0,3.0,USA,70000000.0,98895417.0,203154,698.0,358.0,45000,845.0,18000.0,11000.0,992.0,31782,6.5,Good
2174,2175,118.0,0.0,USA,20000000.0,56398162.0,28649,185.0,64.0,2000,30.0,962.0,593.0,284.0,2390,5.7,Fair
1973,1974,107.0,0.0,USA,25000000.0,11008432.0,43903,194.0,119.0,5000,308.0,13000.0,947.0,872.0,16651,7.1,Good
2350,2351,105.0,0.0,Panama,20000000.0,,178,1.0,,0,23.0,22000.0,2000.0,897.0,27425,7.2,Good
907,908,189.0,0.0,USA,53000000.0,25031037.0,155496,532.0,250.0,0,0.0,16000.0,3000.0,1000.0,22186,7.6,Good
4791,4792,90.0,0.0,USA,1066167.0,258113.0,42678,135.0,279.0,0,57.0,1000.0,235.0,92.0,1528,7.1,Good
823,824,97.0,1.0,Germany,60000000.0,60128566.0,131447,410.0,253.0,19000,545.0,14000.0,1000.0,529.0,16098,5.9,Fair
3229,3230,83.0,0.0,USA,6200000.0,126247.0,24958,103.0,17.0,321,3.0,16000.0,542.0,421.0,17469,3.3,Bad
3287,3288,103.0,0.0,USA,9000000.0,71519230.0,92364,244.0,285.0,15000,65.0,2000.0,971.0,908.0,6807,6.5,Good
1806,1807,148.0,1.0,USA,27000000.0,54200000.0,142448,319.0,125.0,14000,644.0,1000.0,809.0,326.0,2566,7.9,Good
1017,1018,84.0,0.0,USA,55000000.0,21283440.0,46239,137.0,174.0,0,260.0,6000.0,694.0,692.0,8018,6.0,Fair
218,219,124.0,0.0,USA,125000000.0,186739919.0,333248,1159.0,239.0,19000,776.0,15000.0,2000.0,812.0,20553,6.4,Good
1956,1957,90.0,2.0,UK,25000000.0,15091542.0,4086,22.0,19.0,246,48.0,940.0,595.0,376.0,2465,5.3,Fair
3397,3398,90.0,0.0,USA,8000000.0,3442820.0,31489,140.0,328.0,0,26.0,1000.0,442.0,0.0,1442,7.3,Good
3791,3792,89.0,1.0,Canada,,223615.0,127842,200.0,324.0,49000,27.0,948.0,779.0,440.0,2958,7.6,Good
