,0,1,2,3,4,5
0,0.0033986085351632466,0.0025882609165713446,0.0036366375430597936,0.0019392980451174333,0.0021933519316505033,0.0026032529720615735
1,0.0024735405186020027,0.002569061690063537,0.004253992657237449,0.002039558861939511,0.002310642191832985,0.0026463293767033896
2,0.002357426327037532,0.0024264831688722115,0.0023367807361215046,0.0027864067042429616,0.0027021382098085457,0.0026060209467634
3,0.0024189381711306195,0.00283433710091829,0.002259725442883458,0.0026998338007813406,0.0027215279820587183,0.0026120946656434814
4,0.0025778457480841142,0.0025452998625760583,0.002250741391184317,0.0028233433921956625,0.0025062989540203533,0.0025429606058369105
5,0.0021409126409157823,0.002451185794642647,0.0023245725012379787,0.002980190817500102,0.0024858986804418243,0.00253620291750767
6,0.0021347211801029066,0.002726844507082737,0.002264114358731473,0.0028830942113839196,0.0026030411083665427,0.0025745115542997513
7,0.0023843648178072372,0.0024734380411217238,0.0023014860588027476,0.002811178705365129,0.0026522300511347195,0.0025902511528172554
8,0.0020709520053739383,0.002974683066379814,0.002471588121735837,0.0024888195649435643,0.0030545952324808503,0.0027121508744144176
9,0.0024342614425234667,0.0029010028829433297,0.0023628630846931824,0.0025550835698809537,0.0028769518928779708,0.002659756439789804
10,0.0023625643514505416,0.0025179566732011723,0.0023205606831618467,0.0028384454762211972,0.0026089402235320407,0.00257640969621467
11,0.002350748449038323,0.002759320670027219,0.002288730437985119,0.002759234467067986,0.002687197676188701,0.0026013208422377334
12,0.0022338661834059503,0.0024334484357718426,0.0022712019302006297,0.0030348098607342333,0.0023598215465774905,0.0024935866877774985
13,0.002650796578914108,0.0025778475617000466,0.0022363806265107483,0.0028854803408919047,0.0023294110309092747,0.002483078557143098
14,0.0023268840534927497,0.002505216625125859,0.002265345297928046,0.0029021800556774694,0.002538768942472086,0.002553640346106463
15,0.0029172943970448865,0.0025162405688798064,0.002374558918901382,0.00230816578186679,0.002999237898282424,0.002696049317059492
16,0.0034088228331562876,0.002500858163747298,0.002298529392832209,0.002365815885163829,0.002515118631630289,0.002545870682320367
17,0.0024141817018685256,0.002813275133157991,0.0023422151297354237,0.0026204739901533464,0.0028307504139157146,0.0026457737277871193
18,0.0029856002659946358,0.0027570190825758492,0.002275693999563401,0.002559056809437458,0.002547523017413976,0.0025565038784677785
19,0.002331671704582291,0.0027430172179366817,0.002285687112675175,0.0027964262197316455,0.002644739832810185,0.0025878671938069932
20,0.0031619566628462376,0.0024765725332920718,0.0023310691829315617,0.002410682794300999,0.002676412033211056,0.0025979168493198714
21,0.0025024900487516303,0.0024245474193616916,0.0023516727289981183,0.00274447382100038,0.0026790548224382062,0.00259875177886219
22,0.0026483604498433876,0.002804651199564671,0.0023358013376265745,0.0026432381392776953,0.002653928792746248,0.0025907911901870665
23,0.002370780109907873,0.002776401428326897,0.0023019895264020118,0.0027174779356071745,0.002732136186436082,0.002615405272371938
24,0.002217020833925185,0.002428847810892076,0.0022627650061033083,0.0030570216484341684,0.0023280337602693386,0.002482600466978681
25,0.0022465055652692184,0.002476031717409746,0.0022131041721649815,0.0030222896076115007,0.0023837975205600686,0.0025018072037479777
26,0.0030182021912595475,0.0025883651298064894,0.0024184383039126058,0.0021494492849359753,0.003108714598198566,0.0027038038252583277
27,0.0028827451733511537,0.0025620875605569635,0.0023893683842220524,0.002418119833473746,0.0028643253507823646,0.0026559501914336842
28,0.0028654232678804858,0.002497622582549287,0.0023675221841124834,0.0024540968254187895,0.0028437795290169494,0.002649732429403674
29,0.002745892137235656,0.0025345450604200765,0.002347097557272978,0.002611091668100404,0.002702665882705422,0.002606186625248651
30,0.0022869818124779434,0.002447786511851056,0.002273698308397918,0.0029632405858913222,0.0024612975455123873,0.0025280037415476874
31,0.0024508413228219957,0.002844280227464517,0.002352678684431986,0.002537799349105933,0.002915375831893765,0.002671270404741418
32,0.0022399804892706708,0.0024351118747770587,0.002263573171709126,0.0030279714405470467,0.0023714065607092047,0.00249756577879544
33,0.0032684617530699157,0.0025833031007134405,0.0022568768609881403,0.00247274455586607,0.0024755260257115575,0.002532752575538956
34,0.002773081659066961,0.0025442824752869193,0.004438943804971779,0.0019199385550207073,0.0019622392597007424,0.002594763259671537
35,0.002429016366992427,0.0023758483030673315,0.0023560776815268283,0.0027337201269883402,0.0027418770012498446,0.0026184375580472984
36,0.0028096557243364757,0.0025877550749442255,0.004466834143156042,0.0019034032779910754,0.0018386472756515614,0.002587466215290466
37,0.0020697766938321607,0.0029708859656241925,0.0025377570251201883,0.002479652886727515,0.003045288955857749,0.0027094578367981787
38,0.0025331628913999827,0.002913447760780961,0.0023747941928785096,0.002336312555198043,0.0031098412307035018,0.002728025020086816
39,0.002239415852091725,0.002434958404166977,0.0022954604258499543,0.003024284094196441,0.002370335670050371,0.0024971985119084405
40,0.0022593602106461374,0.002480745407591964,0.002213786335443111,0.0030050419253964083,0.002408291612688247,0.002510147982478718
41,0.0020633752465735893,0.002652960368121129,0.0023674688234612633,0.0026317392444673445,0.002995005663443026,0.0026948100839101962
42,0.002362733479589342,0.002709356485312606,0.00229360291610766,0.002747109528542286,0.002714040845495159,0.002609752838876019
43,0.0022600707159257222,0.0024165999303871785,0.002256643013670877,0.0029024840097385245,0.0025861452875899854,0.002569058928793928
44,0.0021035661178238703,0.002568475136690248,0.002252153516175178,0.002720524527133728,0.0029029186249411153,0.002667548798938598
45,0.0019724235606053834,0.0031440857358485735,0.003939146462392163,0.0023508677816677097,0.0019123104678534226,0.0027715942550349884
46,0.002590163963609622,0.002436503818972589,0.0023409955930836245,0.0026119246733766724,0.002824542090266052,0.0026438830979376203
47,0.0028122709731469853,0.0026386471048360214,0.003970294608233505,0.0021306071724715536,0.0020833460948447846,0.0026842270348318652
48,0.0025043712702644376,0.0028893274227900874,0.0023694294012506036,0.002408975775816996,0.0030411305442994154,0.002708252687023858
49,0.003161351559674546,0.0024648130521886585,0.002274618487420727,0.0024795691948686096,0.0025866578965849023,0.0025692247110034637
50,0.0024506209574175616,0.0028440942316249863,0.00235854022728061,0.002537197816926675,0.0029148635017523543,0.002671117557175097
51,0.0021488431025028006,0.0025370161390888516,0.0022277359025471184,0.0030723296758702135,0.0023202280803880856,0.0024798872811201884
52,0.002189843799730471,0.002542863332657936,0.0022085168545172324,0.003054086788512941,0.002339447251771006,0.002486556674321806
53,0.002368620204255571,0.0023671603482969513,0.0023247897035986753,0.0028910158430219828,0.0025341996063721187,0.002552143031695795
54,0.0021815640107499677,0.002386657000589425,0.0024639381309614346,0.002593960923901864,0.003022949835950254,0.00270297064256385
55,0.004443496900729201,0.0023903689279673465,0.002131918258556175,0.0019457359624685565,0.0019131745289289843,0.002328927695262732
56,0.0025184750356894883,0.0029011523254197733,0.002375364211293034,0.002373083099809203,0.0030746952504053563,0.0027179485644813935
57,0.002222317163039247,0.0024302971059309538,0.002275662513330617,0.003048757448459218,0.0023380075933160686,0.002486058370405438
58,0.0022464602853384933,0.0024760150818996705,0.002216618431217779,0.0030220002655779103,0.0023837114367724075,0.0025017777886220975
59,0.0022793825014944683,0.0024457505626983567,0.002285984706132437,0.0029721506102906134,0.0024466636110891254,0.0025231002319847052
60,0.0019776905823401985,0.003095697216276216,0.002667302796192542,0.002163658075672351,0.003359881116521602,0.002797584584116391
61,0.0019660105544801777,0.002391323408894216,0.0029508918624202803,0.0023706971046986132,0.003152604789801702,0.0027401824127414862
62,0.002389500612578398,0.0029088494249430736,0.0024401737210806894,0.0023920214654038403,0.0030966677174015084,0.0027242571777868763
63,0.0021892642041398936,0.002896463574065283,0.0023993291962429797,0.0024954852076861356,0.003061358659989507,0.0027141045957171433
64,0.0025960997230571586,0.002598329122224022,0.00241138197013393,0.00238536771086012,0.0030889500420213465,0.0027220447712899285
65,0.00224621777888281,0.00247592598302514,0.0022342560713336733,0.0030204510039572104,0.0023832504198204527,0.0025016202453530052
66,0.002322721684471019,0.002735355783727271,0.002277279533509707,0.0028144772726696747,0.0026249341900964653,0.0025815415101805334
67,0.002258991499646068,0.002440262290597707,0.0022650769521365298,0.0030027949122435763,0.0024075875053834513,0.0025099090190153486
68,0.0024707340032977454,0.002536714344875675,0.0046987700168859056,0.0018915530290878964,0.0019931034722658037,0.002582210341759323
69,0.0023608019426483683,0.0027678981049758774,0.0022878034183693103,0.0027395628880324497,0.0027097059268317123,0.002608394970768616
70,0.0022591182834381246,0.0024402965292386644,0.0022577149604975405,0.0030035674148011842,0.0024078296072195947,0.002509991190065198
71,0.001973368212388396,0.0028120363748514936,0.003838896807885754,0.002362999503687552,0.0023027621220963407,0.002776242930668546
72,0.002560739225391518,0.002903587339282842,0.002352413995415674,0.0024999509732440564,0.002883078474479216,0.0026615992281609877
73,0.002227906364309919,0.0026783201541069695,0.0022441449002297362,0.0028613125954875932,0.0026196784582830073,0.002579857491434185
74,0.0025120385509011804,0.0027405598420968437,0.002379201922927101,0.0024257703089433052,0.00305935512656541,0.002713526147605094
75,0.0025034577918650017,0.0024246813402763424,0.0023270277426972394,0.00274735550481768,0.0026806460223137143,0.0025992542146356565
76,0.002341228728992722,0.0027511894133625116,0.002280024694601154,0.0027789573701658935,0.002665968988648093,0.002594612155121385
77,0.0027563416609791874,0.0026507252828258314,0.002255012787860022,0.002779087953179937,0.002412328557764725,0.002511517152390877
78,0.0022525145743794344,0.0024782374024320372,0.0022367070942770806,0.003011816160014797,0.002395233712536605,0.002505708637361161
79,0.0036780557430841384,0.0027289294757631595,0.0022469055956125146,0.0021406185264952163,0.0025308286304849804,0.0025762339039109724
80,0.002542684187278142,0.0024300726799607896,0.002341024512361755,0.002739638018634,0.0026542824664038834,0.0026195387737005735
81,0.0020738314982270255,0.002428844806809513,0.002291474727694721,0.002902260561755711,0.002640901296032204,0.002614909074269751
82,0.0022804454369766496,0.002575462528350621,0.0022328984250404517,0.002897380714406659,0.0025562151848731052,0.0025852492832800383
83,0.0022497649188692416,0.002437766725109914,0.0022536595916024366,0.0030431746357855336,0.0023331172385897894,0.0025039239237421448
84,0.002522441147060466,0.002904474342629951,0.002377029813688937,0.002448660838213207,0.002957677511134906,0.002720671576535537
85,0.002242878547728496,0.002435899122175707,0.0022865166901903998,0.0030469532825513007,0.0023212268758217294,0.00249945020715492
86,0.002331385874402156,0.0024061703541199617,0.0022357556137895676,0.00298429313482921,0.0024044637034159305,0.0025304613697104206
87,0.002373319426531968,0.0025538074197412977,0.004860536331727637,0.0017794410343694414,0.0020840924192649566,0.0025548681889486302
88,0.0024772217145365857,0.002885403700840254,0.0023440545404307205,0.002633413300495818,0.0027393622010815507,0.0026486260330642604
89,0.0026944143764059568,0.0030076979831813867,0.002434527602086062,0.002290818845907168,0.0030040757626022757,0.0027355341526422226
90,0.0023697518276212673,0.0027755255851903133,0.002281177588902181,0.002774653664849468,0.002640249967139231,0.002614683334735328
91,0.0022313816079212686,0.002395655266407742,0.0022664723434828575,0.0030650124083366486,0.0023014298604302616,0.0024919684699537493
92,0.0022912786662474937,0.0025365806673594343,0.0022241625003156297,0.002986974507057168,0.0024053106872464125,0.0025307733124898687
93,0.0023581740608044502,0.0025163960220712634,0.0022772279861795904,0.0028769377288034217,0.0025546380403783046,0.002573615804352896
94,0.002581374601513637,0.0029536707546337563,0.0024747937084198344,0.0022886437213634273,0.003084516981041736,0.002760951900320756
95,0.002241233686524644,0.0026652245094422856,0.00227065358766618,0.0029759449745444797,0.002410993603701597,0.002523533600773674
96,0.002249396514790495,0.002517157492457111,0.0022176320294374666,0.0030408083105773536,0.0023324805179986926,0.0025036847353883266
97,0.002626004686302442,0.002731900977112941,0.002343811182058936,0.0026162106780592983,0.002727473111060793,0.002631468531069309
98,0.0024337378023864655,0.0028473330341052955,0.002358251911076257,0.0026882238542116597,0.0026968711767478893,0.002621405305108989
99,0.002128171233061741,0.0025455099193757483,0.0022924440599549688,0.0028384330262044544,0.0027106617153902844,0.0026259495096392776
100,0.002096122007789533,0.002499483882499898,0.0022911658044027046,0.0027924526815155067,0.002797882417201243,0.002654342250697922
101,0.0025783422491066858,0.002382659147952398,0.002230999382385323,0.002992360061940098,0.0022073413131379134,0.0024449733304867296
102,0.002410479535518691,0.0026096545941550558,0.002229432213967082,0.003001136687012879,0.0022835827173239833,0.0024774344291687085
103,0.002076810578529331,0.0029936506676840626,0.0025180099492072283,0.00246451350528327,0.003057944701292763,0.002725591951902369
104,0.002710149588558279,0.0026358344199266873,0.0024584895165298505,0.0021509356733044284,0.003284042099831313,0.00279117586385959
105,0.002756797392633347,0.0027315902023956696,0.002280601214453744,0.0027386619552409092,0.0024473075666599357,0.002538145430106614
106,0.004555705024627521,0.002415053449543343,0.002137313176740766,0.0018467871066000132,0.0019223973353075115,0.002326269219333039
107,0.002072686030523464,0.002980290134179073,0.002481759931882344,0.002502396202886242,0.003026195291866775,0.0027161262080676934
108,0.002373871470033818,0.0027790338817793967,0.0023032715757916253,0.0027290918217509033,0.002708597678094973,0.002617574972735197
109,0.0023938435224429206,0.0025560099238294645,0.002248496473069812,0.0029721652226364914,0.002364179822542087,0.002501561193747853
110,0.0024183078515487167,0.002537606234488843,0.0023511381533502336,0.0027579472862928767,0.002690393354141761,0.0026116975972519546
111,0.0027511698751889,0.0029424619151226573,0.0023889559796127224,0.0023492265263534194,0.0029373272221893333,0.002689274119508604
112,0.0021510597748691414,0.002392824511283674,0.002681244240514763,0.002267061477553497,0.0033900807873298217,0.0027522457496876877
113,0.002506600054613204,0.002453704034144972,0.002216765989278262,0.0030041240438411785,0.002239680185558565,0.002462460609299777
114,0.003204825579174746,0.0023644325220635093,0.002252214978332833,0.0025549913596873823,0.002428946944899705,0.0025316271129775863
115,0.0020701213608718375,0.002971999208592049,0.0024632511088533977,0.0025512171077102684,0.0029657238673046924,0.002710247467137265
116,0.002473215564571495,0.0028631411927290532,0.002368597478706181,0.0024033817320766163,0.003086231758666938,0.0026867634879881924
117,0.0027833713908441125,0.002742331458837423,0.0023155646579791,0.00264267578947978,0.002585738364827733,0.0025459047219027428
118,0.002395964779776941,0.002529766946748274,0.002286575513453037,0.002737846590402281,0.002762271431881017,0.002597594653498677
119,0.002366066805422214,0.00278774584901276,0.00233159320798765,0.0027399088379141123,0.0026965839795433694,0.0025786370358746053
120,0.0022985916445740213,0.0027146596359348663,0.0022895364289987905,0.0028145211828669568,0.002648117912751283,0.002564442586729168
121,0.0022366947495992494,0.0023966050401506675,0.0022690791441062363,0.0030065639184075742,0.0024210759016564413,0.0024954280360795144
122,0.002679580099932562,0.002625886509081136,0.002224421415309535,0.0028287919298333954,0.002406711025603879,0.002490912523126963
123,0.0027027404311708164,0.0024513576535139274,0.002409714668135966,0.0023219270202423496,0.0031392494997307644,0.002700727640673278
124,0.002342368917974899,0.002752163778984266,0.0022853151736864853,0.0027254052250025493,0.0027546671240571566,0.0025954161853004717
125,0.0022423353188740264,0.0023976112893761285,0.002289841621611497,0.0029957330220321664,0.0024327917263311147,0.0024990970562916216
126,0.002657242644626696,0.00257967435193161,0.0022509692282633737,0.0028168829663731453,0.002460018330714444,0.002484838189372632
127,0.0020757702858563137,0.00269800587355324,0.002246707764571284,0.0028800801519428287,0.0026507908774037717,0.0025506716056345174
128,0.0026638724188622997,0.0024762097212669594,0.002335406127280505,0.0026770503209537057,0.002673603337870016,0.0025970288957939576
129,0.0022974084446722915,0.0027136432948578195,0.0022536975921704124,0.002863951845998267,0.0025693118112466635,0.002563602478400711
130,0.0024438317878895132,0.0027405844655208553,0.002301865696241756,0.0028356421176581824,0.0025113958636248795,0.0025446431856874095
131,0.002069398814384495,0.002374374351064487,0.002383902961368962,0.0028542242415354655,0.00270553643053523,0.0026070875365591037
132,0.002684210773664494,0.002377350677711418,0.002299995470155097,0.002609568771463179,0.0027793970455793912,0.0026300500056730763
133,0.0023055104055666412,0.002720599836714609,0.002265729972476471,0.002847783132012945,0.00258705145278272,0.002569351975467277
134,0.0020783461585210943,0.002458693166914913,0.002457682946966836,0.0025471494663253107,0.0031136755574928884,0.0027291196778391636
135,0.0027882329893299793,0.0025567540958368485,0.0023425431048430412,0.0025000695081718906,0.0028324218190882433,0.002646282245391395
136,0.0032274845397469473,0.0026201991743015685,0.0023951935175969678,0.0022239868975813494,0.0028391797174653296,0.002648336245116189
137,0.0023508655748157212,0.0027594206568696414,0.002283859321503336,0.002759709422000675,0.0026874593751781677,0.00260140332091158
138,0.002222372917728539,0.00243031234893806,0.0022722725708165855,0.0030491462867885803,0.0023381126884973536,0.002486094753631501
139,0.00285726899134417,0.0023866523109796135,0.0023983110493353177,0.0023284355445405062,0.003022822131111082,0.002702933464779001
140,0.002332085810668794,0.0027433715084549492,0.002266934739154407,0.002798232630666381,0.0026456579745960038,0.0025881596612501436
141,0.0022400948506387927,0.002435142955114068,0.002256530853359921,0.0030287187081023716,0.002371623484464524,0.002497640160172869
142,0.0023024589209378636,0.0024964200818653505,0.0022398282837753887,0.002941658519455869,0.0024912208625476246,0.002537969510924505
143,0.00222285013827312,0.0026567771846229015,0.003952203048640186,0.002122255107680101,0.0026242442686545096,0.0026807966388308737
144,0.00236127156230316,0.0027682985310336057,0.002268020173817992,0.0027413963804599293,0.002710759575632824,0.0026087251499707365
145,0.0027439904140374553,0.002369010374741096,0.0022594827591517277,0.0027175303953112253,0.002577124804188131,0.002566137992766108
146,0.00266988607399263,0.0026871225377986903,0.002250004967760599,0.00276317741370969,0.002502383407328287,0.0025416664467099045
147,0.0019192918633968473,0.0029438007265252548,0.0029873650907877667,0.001956538927137203,0.0035020117316152534,0.002835578243314169
148,0.003258142226198785,0.0026850163950047144,0.002235936156018893,0.0025130168844849747,0.0023914594557456472,0.002504422448911934
149,0.0031520081166583466,0.0026521903553792634,0.0022248914523212487,0.0026195886776228046,0.002322207265753204,0.002480575810431059
150,0.002489428574499546,0.002690885557984371,0.002231188606639612,0.00283664842262263,0.002511812380845888,0.002544780583549146
151,0.0023440844453625443,0.002934902728026107,0.002360617996493868,0.0025215225830653096,0.0029579161722267195,0.0026838991138421623
152,0.002547376748181057,0.002644715463169651,0.0022151533576911676,0.0029339972122574367,0.0023066028811737256,0.00247513649288086
153,0.0023869303258878915,0.0024287030715104303,0.0022325301128204213,0.003008353993973489,0.0023270396991401502,0.002482255281296162
154,0.0023610420562124495,0.0027681028430045313,0.0022778964428612643,0.002740500233438875,0.0027102446258171087,0.002608563792293397
155,0.0027565754475243147,0.00248155361382607,0.0021951122032886888,0.0029366812458091964,0.002143543140987724,0.002416753998798435
156,0.0032167515921348306,0.002599860672285013,0.0021986187308440136,0.002645693210158323,0.002214246982350754,0.0024424244320538128
157,0.002392908699196804,0.002795224524933259,0.0022845763570958698,0.0026747574689279623,0.002782201933627214,0.0026309138605572937
158,0.0027308604652615007,0.0025943428407290033,0.002285524523418274,0.0027384025790657255,0.002513644389660828,0.0025453847317717343
159,0.003113575475253435,0.002449783550968223,0.0022242053018670907,0.002701924102192393,0.0022510815759404653,0.002455579405344362
160,0.002068084875884794,0.002374072758689038,0.00247147253303171,0.0028401191429785417,0.0026981574276536227,0.002604770358909678
161,0.0030630191218408266,0.002608006991134546,0.0022741262576503993,0.002535064534854906,0.002561408205284751,0.0025610322615422544
162,0.0033092022541463774,0.0023743915787791062,0.0021918103613704706,0.002644989329805498,0.0021398801720106963,0.002415408623465213
163,0.0024899905233894764,0.002691189253145976,0.002227671144776213,0.002897068126495266,0.002404614470654439,0.0025088994956133305
164,0.0029336385585819434,0.002450218591941605,0.002186544584981924,0.0028573563080889304,0.0021278261571993796,0.002410970297226031
165,0.0021965673672077325,0.0023893848360005024,0.0024750457187743473,0.0025317599279919066,0.0030981109855123443,0.002724670502954315
166,0.0024612017572126425,0.0024931285023706584,0.002256488048332651,0.002894496045828116,0.0024736163171672353,0.002532116271104778
167,0.0023827769216676004,0.0024730261343613065,0.0023542136364906644,0.0028049430927237625,0.002649066292900178,0.002589244758149217
168,0.002883062560858913,0.002372383048587668,0.002283234231271667,0.002593784038857746,0.002657169239248652,0.0025918206961189046
169,0.002754431722903255,0.002367232446338028,0.0022690423862070158,0.0027361959504537017,0.002535859616183216,0.0025526872066140307
170,0.0026171197260926337,0.0025917811647511954,0.0022311845398591493,0.002879032966954756,0.002368299593574087,0.002496499921336268
171,0.0037433177566956336,0.0024761676079648495,0.0022380793840041237,0.0022338529924290176,0.0023845008082906084,0.0025020474927504683
172,0.003141002676649286,0.0026201488833508023,0.0022149525996061382,0.0026238684346917966,0.002338270849981284,0.0024861495059662715
173,0.002296898217708667,0.0027132049777643095,0.002279889789502193,0.002861408495493199,0.002568196639534388,0.0025632401530106923
174,0.0029876017010238326,0.0024098145441932865,0.002267834745400345,0.0026302166179684814,0.0025091446111015184,0.0025439002917132646
175,0.0034703262507687037,0.002551869094385626,0.0022209310767902506,0.0024261900166220535,0.002350801744849814,0.002496833775073228
176,0.0024075837143603777,0.0025338496182488244,0.0023258958209982925,0.0027801112337103445,0.00266954933219782,0.002604935329767076
177,0.0024037476290684648,0.002366473708251428,0.0022865990896822116,0.002905936498023513,0.0024952627099921933,0.0025469654543763
178,0.0033588678949868452,0.002495613044754555,0.0021774805915293575,0.0026248274779973975,0.0020978698241271286,0.002403867214813101
179,0.0027618273801651456,0.002441538963730404,0.0023592094462625613,0.0025056225951509757,0.0028522511896902137,0.002663055508855096
180,0.002291483529328419,0.002448990185308461,0.002259719183370655,0.002936010680936812,0.002513814113402823,0.002530905304529211
181,0.002275173721081201,0.0024446207871704254,0.0023389697814142118,0.002948442588264587,0.002480370617586116,0.002520381555488507
182,0.002283398802741468,0.00248951239926398,0.002268198141145333,0.0029435601211663105,0.0024972101392580354,0.002525692626222751
183,0.002866025537367306,0.002598966596279065,0.0022143839550301187,0.002787396927178423,0.0023201279897678896,0.002468553981167983
184,0.0022565708676455837,0.002439608309374966,0.002252933923504345,0.0029880756016532643,0.002442480497966563,0.0025083397914187323
185,0.003221356324615882,0.0024788900015906396,0.00218833063721761,0.0026838194887446277,0.0021585333310712657,0.00241372786786881
186,0.00338560381986722,0.002554525625678353,0.002229672708477497,0.002444772970177831,0.0024160590178721754,0.002499866483283347
187,0.0023689643222777877,0.0024694343769504513,0.0022859529842563734,0.0028076969203798584,0.00267554030629799,0.0025804786355409924
188,0.0039013806571950773,0.002366137170688086,0.0021585242613769186,0.0022948972162334462,0.002070729077120754,0.0023861466112546207
189,0.004243961629468507,0.0023678945777456484,0.0021347070721603766,0.002092923544172631,0.0019465521444233167,0.0023396540136038572
190,0.0036852033632079973,0.002371189127427356,0.0021664563836115156,0.002420047671216296,0.002119885122208313,0.0024040256285973475
191,0.003550836586541177,0.002582009891194211,0.0022255331208307304,0.0023672739337413694,0.0023587171659192885,0.0024870878675725743
192,0.0023537603974188334,0.002369625375244461,0.002253114005964835,0.0028576894959052223,0.0026173621127680855,0.0025708048530732677
193,0.003211713301946459,0.002345986182242133,0.002172943452402508,0.00272102440783463,0.002099280571061828,0.002396566126949614
194,0.003063697219260928,0.0024488761775148925,0.004542334110151075,0.0016168569493676074,0.0020787868903779346,0.002448471983934977
195,0.0023228206876131203,0.0027354405768059056,0.0022726738872138495,0.002814924435775406,0.0026251528780361403,0.0025816115319216887
196,0.0030338830056715316,0.0024783855832062078,0.0022059640907984195,0.0027533031353290122,0.0022350205939315132,0.0024498614308162943
197,0.0028528468881476345,0.002395605085036912,0.0022249338443373744,0.002793345286385072,0.0023545908205963744,0.0024917857788441604
198,0.0019644743393795842,0.0030036860902768548,0.002560771664918244,0.0024175209224669763,0.003126223838098139,0.002732695729266847
199,0.0022136196518074826,0.002392466409150268,0.0024443689479730123,0.0024684530190568557,0.0031851618460206777,0.0027493638004367307
200,0.002660203351440843,0.0026030368522460927,0.0022749681710319348,0.0027537040212470072,0.0025439597695576634,0.002555339111885016
201,0.0028246598926139964,0.002413585661115809,0.002229201748020581,0.0027180192662602707,0.0025088576748269068,0.002557860884957959
202,0.0023976786082783204,0.002614920723928083,0.002265504782207979,0.0029017442528942923,0.002461427656082603,0.002568954748607512
203,0.0024699250535211528,0.0026803239092870086,0.0022859694286917944,0.0026758118708384605,0.0027661232234634657,0.0026440723424334335
204,0.002284289144386479,0.0027866593583520892,0.002379295500936866,0.0025227055262723457,0.0030368960219207693,0.0026842138385494477
205,0.00220231027675095,0.0028957714987997295,0.002325933784010978,0.0026027045316994925,0.0029355716270724522,0.0026560252020243137
206,0.00196452053160666,0.002604256371587285,0.0026807357298164595,0.002560350883062502,0.00299588279405746,0.0027329206319457225
207,0.0020766175691434314,0.002993024717236839,0.0024754366507651,0.0025334106751361877,0.0029716048358100007,0.0027251486850124393
208,0.0027525403373421945,0.0023745761122314288,0.002243265089896818,0.0026815134441249815,0.002622848073035605,0.0026086386828394264
209,0.003004692158784335,0.0027633530101883307,0.0022264228476689485,0.0025846307726453545,0.0024885012736047835,0.0025610708104092154
210,0.0019141114765664222,0.0025504828358163703,0.002965332979274762,0.0023424853322610013,0.0031535880801145766,0.0027824352755375526
211,0.0028012663531309613,0.0023924849915763695,0.002401697524941237,0.0023278126885674395,0.003048145437618385,0.0027495132852025112
212,0.0025615029327348596,0.0025654354557578694,0.0023761488143008943,0.00262884976201002,0.002779147550946292,0.0026620266228051578
213,0.0021545139143767733,0.002566472510666737,0.0023305677052366143,0.00277178299091539,0.0027847693250130402,0.0026639100850972637
214,0.002363534381656624,0.0027855077363480142,0.0022700783885100865,0.0028425265372882093,0.0025330545092366757,0.0025770267118754206
215,0.002460334527904974,0.002378386061525693,0.002299094066791805,0.002647336440939236,0.002872290259686806,0.002638078565392695
216,0.0026247773315048713,0.0027313050399069496,0.0022792894308595966,0.0025537783903829335,0.0028472242445832597,0.002630894502209113
217,0.0028004875615498357,0.0024457851236640345,0.0023216105708949034,0.002378679736946584,0.003019065016491534,0.0026793007015131877
218,0.0025988466957729646,0.0029081994576928565,0.0023589422228430545,0.002259880381115699,0.0031829367827800404,0.002723724539407949
219,0.0024562010083596566,0.00247901921583554,0.00488064490162009,0.0016985009553165638,0.002174950022850255,0.002481317907584107
220,0.003403379122852375,0.002525862473762679,0.003646822357492226,0.001950838462842292,0.0021750833158245392,0.002590582686346095
221,0.0024720432079410604,0.0023793272344849498,0.0023363778413016054,0.0026187588159926295,0.0028979733027388824,0.0026453948141807906
222,0.002256510376911824,0.002439591959879551,0.002256585200041231,0.002987708495180561,0.002442357735060957,0.002508300567998349
223,0.0026701397202725454,0.0026227991429726054,0.0022027803120740538,0.002848887341856757,0.0023804641026345776,0.0024883497471985035
224,0.002432756312148753,0.002846471775403816,0.0023260794667445883,0.0026251276579420282,0.00281221916023235,0.002620788568599892
225,0.0023359591342644523,0.0027466845194562143,0.002277923908636872,0.002756844620715082,0.0027104080238637765,0.002590894329228317
226,0.0028294615658936845,0.0024531041948025177,0.002207071241091296,0.002833480267984806,0.002298606657707674,0.002461407240877882
227,0.002528650567582555,0.00252439069853006,0.004916292897000177,0.0017579897991566542,0.001806178680120706,0.00250803558243696
228,0.002446548096706739,0.002622595206439258,0.0046526109997383405,0.0019664569702761954,0.0018037405008361597,0.0025970175196619147
229,0.0023092842903763154,0.0027238379097415887,0.0022808167462994608,0.0028096015280121476,0.0026474774818226743,0.0025720275763691835
230,0.002520136079181773,0.002688368233636972,0.004404988248785268,0.002069949987783564,0.001859400270168258,0.002638791068050658
231,0.002300824769659532,0.002716577449554142,0.0022860919053233333,0.0028252251600277356,0.0026276778055980515,0.002566027745891048
232,0.002623858098312142,0.002353119852741476,0.0022105097748465487,0.002953922541945143,0.00225874136325185,0.002448046164353346
233,0.0020721279705737954,0.0024280465501754344,0.002294844178227958,0.0028207155391473866,0.0027816850023086146,0.0026119023819911862
234,0.002876639107463699,0.0025773504464817855,0.004048447975914398,0.0020479911165779854,0.0021315081216139622,0.0026300500056730763
235,0.0023988885879481104,0.0025307955576703415,0.0022974597800082775,0.0027484404432241926,0.0027392594573919,0.002599443267594476
236,0.002724605670289288,0.002395623858302103,0.002238693254269166,0.0028372046595713965,0.0023912566135965334,0.0024918541239767234
237,0.0025222500376133393,0.0024810916827637864,0.002303243271159865,0.0026833799209929135,0.0027717331882456515,0.002608991646812887
238,0.0023267965930271867,0.00273884500076776,0.002278949395900675,0.0027752235479318213,0.00268870681652512,0.0025844226658187307
239,0.0024602057385156653,0.0027226304901240526,0.002244310914647845,0.00284038367807089,0.002516249592937958,0.0025316679064036197
240,0.0022564446306191028,0.002479677859775747,0.0022345882532060555,0.002987309533735635,0.0024422243095281035,0.0025082579362699256
241,0.00267138167468023,0.0025311280041858866,0.002278200765606448,0.002636370057727635,0.0027412841185228375,0.0026000408592254244
242,0.002299178255776229,0.0024364879998293788,0.0023746608429107735,0.002674622587647863,0.002892442366984303,0.002643823018946729
243,0.00226265690725693,0.0024412515726100884,0.0022817712546427163,0.002975583220675997,0.002454846526973978,0.00251228386654894
244,0.002503544678275534,0.002661449301312531,0.004333945767414112,0.0020464205526924445,0.0021307814728263033,0.0026294223494800002
245,0.002612484675621497,0.002979517074379942,0.0025062906926987785,0.0020043032642703164,0.0034073776037984323,0.0027820803053827474
246,0.002440960202624829,0.0026199671425552523,0.0045251354455685434,0.0019586899335044933,0.0021342429839832484,0.002593821914787147
247,0.0023590541916944066,0.002466847708397824,0.0022912748442804874,0.002823712681917411,0.0026545925306788428,0.002574176075361703
248,0.0022439529481304158,0.0024361907854270207,0.0022511348618920205,0.0030060122993685956,0.0024169354236530834,0.0025001485655440675
249,0.002243554705460658,0.002514431593199231,0.0022191241588983925,0.0030034790736443505,0.0024161312188895304,0.0024998897247560502
250,0.0034673672392846345,0.0025696188497484006,0.002251845068674086,0.002231529472668547,0.0026640998466635666,0.0025770407732524994
251,0.0023096526012343715,0.0027241538509232763,0.0022628853489711346,0.002811312867051689,0.0026483412464897832,0.0025722886154331886
252,0.00270647933294125,0.0026764146248070856,0.0022251811220985636,0.002804653955058603,0.0024108236546743476,0.002498179945655133
253,0.0025092858981695257,0.0024896957201357315,0.004692083826561258,0.0018168848517714766,0.002169815012307778,0.002533879870250502
254,0.00196475651328363,0.0029291981288555448,0.0036746207913461774,0.002319928561777166,0.0025262123915434287,0.0027340697958706146
255,0.0023964047658790503,0.0027981940096879474,0.002296507963426398,0.0026250842767723916,0.0028558070212630587,0.0026333592625332244
256,0.002209547767970856,0.002566936936911969,0.0023485776512278227,0.002640797460058606,0.0029666935252979703,0.0026647537446290634
257,0.0022563900614813266,0.0024796578703682607,0.002238213553174465,0.002986978429099846,0.0024421135694979368,0.002508222551727188
258,0.0019623335981977918,0.0027481424631929487,0.0038386324080305206,0.002287945975788059,0.002504485830597564,0.002722287293481939
259,0.002452103423409207,0.002566352851893341,0.004690740121713454,0.0019073022286583761,0.0019845015427171916,0.0025724563355962998
260,0.0028711065523838774,0.002625174460507979,0.002262266276089129,0.0026735685669844475,0.002506670632432171,0.002528665584612076
261,0.0027695283789478495,0.0025252893657577136,0.002212542772397189,0.0028068587825580515,0.002387106863068893,0.0025150157349919026
262,0.0024547525851629833,0.0028475807064999676,0.0023246204163349105,0.0024844618539658194,0.0029998452279612737,0.0026739824630181677
263,0.0020848588791294895,0.002391811917760079,0.0024264425181585816,0.0024522972176196935,0.003260119366394014,0.002744103240972904
264,0.0020628280267035396,0.002449496957661658,0.002404596722877528,0.0026266832732412195,0.0030306105505174155,0.002693559517785846
265,0.0020640771923535806,0.0024502385038140504,0.002300080301624433,0.0026382370684659277,0.0030407179999107177,0.0026964146106629927
266,0.0025543790035853164,0.0025163972017188518,0.004610122898721582,0.0018910852116093403,0.00206647398424063,0.002573617915678109
267,0.0030752416179667384,0.0028565175021483774,0.0022725847239764797,0.002371702128494685,0.0027168375943568534,0.002627979611929392
268,0.002411896497863224,0.0024724280744742922,0.00412699963996267,0.002334791066331874,0.0019293551302322913,0.0025097973333988765
269,0.0024096293354964314,0.0024907898825856775,0.002242197919060315,0.0029117019024041168,0.0024827042629471364,0.002527961148506851
270,0.0025350472215700183,0.002501843680279988,0.0046124886375492795,0.00187143430168372,0.0021385032469748953,0.002565078350437008
271,0.002050058712151719,0.0024419037526026716,0.0023837836515084514,0.002706099626915811,0.0029288568621142993,0.0026644483683012886
272,0.004076338285815433,0.002491894007376284,0.0021588501812315284,0.002185945463083434,0.0020086935842995113,0.0023631651488369597
273,0.0037804273183333317,0.002488756236035894,0.00215068555457914,0.0023893818363152925,0.0020179000031496906,0.002360850409356001
274,0.0027938332600454105,0.0026051965771969245,0.002246275154915485,0.002762571715437758,0.0024259302854456283,0.002509422145083762
275,0.002554247016262905,0.0025213966108350782,0.004609527397626945,0.001890950855793085,0.0020664072481057995,0.002573559735462976
276,0.0026958532843567133,0.0023779938419342676,0.0023027968611938694,0.0025722021716037286,0.0028284372907935785,0.002635034753254393
277,0.002562268595075415,0.0025387409758599586,0.0046458030826727024,0.0018991211066004372,0.0019488761616832516,0.0025770925930595242
278,0.0025376483641357246,0.0025369689069678716,0.004624626028811641,0.001874075122371376,0.0020986746054609618,0.0025662294993664073
279,0.0032396895221692493,0.002733186525129447,0.002301488815062603,0.002228624909886727,0.0028205913599534623,0.00263270681868623
280,0.0025344805194153102,0.0025065917428506892,0.004700579949479952,0.001870859089747851,0.001977776988191026,0.002564827465371091
281,0.002483915207351514,0.0025110392403280366,0.0022671198626127978,0.002811780660358331,0.0025957641256207946,0.002564035929493551
282,0.0025605781731900057,0.002507805019353074,0.004638144360062171,0.0018973985556416818,0.0019879335364601865,0.002576348616697465
283,0.0030624509865881167,0.0023597768105549145,0.0022244699538053587,0.0026658913980065046,0.0023882018416791556,0.0024969380711722484
284,0.0029616194997648827,0.002749026384438202,0.0022509497820698433,0.0025747754465330138,0.0025536868528411626,0.00255073759934097
285,0.003702371453550198,0.00253264367352503,0.0022054719126804604,0.0022953025586492947,0.002322584803023458,0.002474901657492005
286,0.003343655745025564,0.0023982575661275546,0.0022094024252400243,0.0024939400305639577,0.0024018077319401037,0.0025014555637341003
287,0.003206011547196431,0.0027160128254818386,0.002237207719803953,0.0024138281517905665,0.0026006198418160814,0.0025655610732490523
288,0.0021616549637766733,0.002776277784142557,0.002354530146246647,0.0026151395213164794,0.002962726984097967,0.0026742139205201292
289,0.0022635413068592207,0.0026025953205951933,0.002329129086443817,0.002478359580874011,0.0031608764723313845,0.002729870908885113
290,0.0029563607010412076,0.002522154341561258,0.002319613643522319,0.0022264969480469896,0.003092199808379952,0.002710857343919346
291,0.002092755406967169,0.0026202270848861772,0.0023195720354143097,0.0028867155994692782,0.002630930200763288,0.0025750377077560344
292,0.0026865127448039063,0.0025148634323732787,0.002310454435533505,0.002422856458611236,0.003027245837545157,0.0026926076332413284
293,0.002516216287365325,0.00249230195225549,0.0023090695133631436,0.002640255598464802,0.002833654322017704,0.0026365802414714088
294,0.00231520359375387,0.002524193079094601,0.0023741555331635105,0.002501872195529629,0.0031105766333780855,0.0027159730678777104
295,0.0023872609242144398,0.0026910153344349265,0.0022785973663643033,0.002763916384469691,0.0026860627101922235,0.002592085960844
296,0.0024801727931336786,0.0025436382605395955,0.002233158513984777,0.002857798076932521,0.002522039433868904,0.0025406368043986464
297,0.002783933731568037,0.0026238139346419294,0.0022529247348675977,0.002633961837181029,0.0026441598268260595,0.002579150664645674
298,0.0023762826981352015,0.0024334188685512996,0.0022225096224492195,0.0029875294385709192,0.0023779301980250346,0.002493515993202031
299,0.0023764782962031475,0.0025578180862620772,0.0021963595125014963,0.0029781662740059286,0.0023863881655954112,0.002463785422161118
300,0.0031146488581171128,0.0024964028128086012,0.002192776739045155,0.0026500322926940705,0.0023560349217924895,0.002474831443577952
301,0.0027414688185938628,0.0025744495787463338,0.004255222566136123,0.0019147594037708276,0.0023030319679336895,0.0025838258769286106
302,0.002489785669704372,0.0025939545498270124,0.0022477326762413057,0.0028378184232956283,0.002535490021043479,0.0025449402799865954
303,0.00331419806399242,0.002781346277525533,0.002268382042711053,0.002311013592735907,0.0026277014244826015,0.002574031774037651
304,0.002526184618409682,0.0024997636067195434,0.004660299008659096,0.0018624441390190664,0.00209215201727845,0.0025611511638579257
305,0.0029372686995028804,0.0023744882878582213,0.002317780632589458,0.0025078560362780124,0.002738112509928696,0.002607963389063025
306,0.0025545078002167784,0.0025114053170286303,0.00461070404853679,0.0018912163219878947,0.002066539105834666,0.0025736746878015967
307,0.0023850681092969913,0.002852947663908433,0.002339734333019779,0.0026477611352822275,0.002796144493618824,0.0026254248554943593
308,0.002337233206834806,0.0023773632479107106,0.0022841769710985078,0.0027333482084067524,0.0028119822268673363,0.0026301473516145723
309,0.0033759201273029288,0.0027639962183775104,0.0022525806277735507,0.0023042261218178574,0.002587813366969132,0.002561534450607239
310,0.0024249315635230116,0.002577973873220202,0.0022001742702630303,0.002973795220398603,0.0023471489023806917,0.0024832002250926998
311,0.0022255504381237475,0.0026869549523770428,0.0022581250707638034,0.0029171091736070656,0.0025248200855158887,0.0025415277465165535
312,0.0024955212011414643,0.0026318709994918674,0.0022065865617855174,0.002918584249183515,0.0023850199865182104,0.0024958790860285574
313,0.0023554332008314614,0.0024793085536650244,0.0022757795701048382,0.0027782768753187273,0.002727090961100085,0.002604618628119761
314,0.002233649254618483,0.002527498061293597,0.0022669480498720847,0.002978445642397473,0.0024523812938359434,0.0025180958674637724
315,0.0026307132343190045,0.002482853073243063,0.0022603137906103896,0.0028447307976448215,0.002439504311165998,0.0025138813026081537
316,0.0029718213877105775,0.002496867762297117,0.004523218766526105,0.0016844423612306979,0.002110334464410701,0.0024805835639799133
317,0.0032896481461544857,0.0026342859624742133,0.0022137740747328115,0.0025544772121270385,0.0023009454915133946,0.002467541457418186
318,0.004685804359028513,0.0023705089278571677,0.0029455583984066913,0.0013420289240409567,0.001847539471955141,0.0023075500885297866
319,0.0046483108527426275,0.0023330112475229013,0.002120363475946174,0.0017864788120244262,0.001858150585579844,0.0023053087350093262
320,0.003280308477193144,0.0026035342199999065,0.0022503950652460075,0.002254625081235024,0.0027940026582094634,0.002624784804054407
321,0.0024273348142942637,0.0025693617706359405,0.0022246018033960768,0.0029175730298867456,0.0024484572362573295,0.002516813146930404
322,0.002906047690375599,0.0027303439476440484,0.0022314116878534296,0.002636084122298626,0.002511471763187381,0.002537244719383224
323,0.0024692984961996118,0.0025401478195651046,0.002226664391515172,0.0028719938303799486,0.002506847386157661,0.002535757293063631
324,0.0030842359706170315,0.0023773988131416787,0.0022685456420377505,0.002380850167883091,0.0028129078486392395,0.0026304227920524556
325,0.0024577184476574144,0.002581375445591534,0.0022123577495376926,0.002881968675728527,0.0024906969236672552,0.0025305477891740887
326,0.0024840399258415882,0.0025110728611490306,0.0022627493261168983,0.0028121853975054947,0.002595955285089054,0.0025640960080031954
327,0.0025276724358231396,0.002558762578253895,0.002235385198113578,0.00279682594883183,0.0025886914912612215,0.002561810984499906
328,0.002840348241182161,0.0026024523462446995,0.002396057404058949,0.002211580444633012,0.003159921550064234,0.0027296084733140174
329,0.00243602507642265,0.0024679938844398607,0.0022090791325109146,0.0029740631197574885,0.0023602793902302932,0.0024876118732325998
330,0.0031452594911363894,0.002485740508949555,0.002194358706591204,0.002671060372978696,0.00227904978968346,0.0024600458557173183
331,0.002663832108775009,0.002532006673611985,0.002251762444767823,0.0027372900126164533,0.002602737515122577,0.0025243866868469426
332,0.002060808098195919,0.002865798795655808,0.0023452511759140815,0.002410639563733141,0.00326122530551255,0.002688945512535846
333,0.0038879770490785775,0.0024830471754046903,0.002146464463205203,0.002319105775776715,0.002013525450830795,0.0023566371608269164
334,0.004548225599531185,0.002438934472048047,0.0021404699428767596,0.0018234248174814173,0.0019994144299614203,0.002349272307562576
335,0.002529359163611176,0.0026093393559162487,0.0022314234036479178,0.0028018445491934203,0.0025661003020939987,0.0025625587541952496
336,0.002411971847265791,0.002491435362330373,0.0022311157171675373,0.0029211479404996346,0.002464600318136142,0.0025291077068823197
337,0.002471256384441656,0.0024822958253638383,0.004641837201287266,0.0018069899732340495,0.002294589264045798,0.002536636727015113
338,0.002522702043732091,0.0025182106164898066,0.004555148786964769,0.0018589146730441945,0.0022570197544843334,0.002559605848582581
339,0.0024615840992696972,0.002504999302514685,0.0022396468708399475,0.0028451604337766537,0.0025616089360737935,0.0025532526929886224
340,0.0024961018690179532,0.002501920098971177,0.0046005235645583484,0.0018320167151355908,0.002276513407292567,0.0025477628189825683
341,0.002759644759071188,0.0024961295201576103,0.004172362662100192,0.001846823210018857,0.0025168717556635265,0.002554296596594545
342,0.002440265548034934,0.002499195626028487,0.0022221187413597543,0.0028750073231679036,0.0025291370586054615,0.002542909613186078
343,0.0025030201909650223,0.0024943004599345116,0.0045489572636576775,0.0018390021926670106,0.002325938166739883,0.0025508498239447354
344,0.0026896695149632452,0.002377652558522395,0.00233357610214009,0.0024442988542090413,0.0030228000441052125,0.00263238868002038
345,0.002511360738229436,0.0025057349739654737,0.004588854829148615,0.0018474333308752203,0.0022475057175246915,0.002554565061997136
346,0.0025206173986844637,0.0025208802150776155,0.002286662621885585,0.0027582343446074394,0.002652211367880129,0.0025816469434217
347,0.0026969462895983253,0.002427609608144108,0.0022588398932514697,0.002631548932708878,0.0027456900332423775,0.002610257653916111
348,0.002446663187733733,0.002577015000604486,0.002244706555762503,0.0028920169223428426,0.002475304974352426,0.0025255614731147544
349,0.0025772820196148898,0.002453893287276932,0.002242415890235281,0.0028217658237896866,0.002528620447777093,0.002542744330383909
350,0.0026288019356105353,0.0023742534428429934,0.002301527838819715,0.0026684269966550708,0.0027321609016475526,0.0026061583691910886
351,0.002460820532025883,0.002497435513125124,0.004668585274078687,0.0017965060398045856,0.002284295205618341,0.0025319446720104507
352,0.002644445690707327,0.0024826970240984085,0.0022651398944756435,0.0026450585886697536,0.0027545417130558428,0.0026129322377727218
353,0.0024855804892691207,0.002485615684073531,0.004632476584426171,0.001821407119203645,0.00226691762021403,0.002543058864312285
354,0.0025772820196148898,0.002453893287276932,0.002242415890235281,0.0028217658237896866,0.002528620447777093,0.002542744330383909
355,0.0020899066103350675,0.0026956691689529015,0.0024199363798222853,0.0024152113933742516,0.0032559770906634747,0.0027557405375250575
356,0.002483556720692386,0.0024966286862099438,0.004722272335543184,0.0017769653589541862,0.0022265554063507736,0.0025231492261855375
357,0.002126512887718972,0.002376512037670483,0.0023225886129406227,0.0026993024355928914,0.0029530120986262904,0.002623562394541247
358,0.0021475758988240843,0.0023804191505093285,0.0023417437929854658,0.002723045672717762,0.0028925852800517704,0.0026539046574991314
359,0.002678395601209136,0.002478586754795036,0.0022699231295558154,0.002651049921680894,0.0027212741318987333,0.002602849650857454
360,0.002154718830243211,0.002618321175245431,0.004063096714461095,0.002108280413705832,0.0025849761237500815,0.0026642056794122077
361,0.002478286771089168,0.0025019658918820358,0.004679073194374939,0.0018140621206694692,0.002219745119988201,0.002539791372988529
362,0.002364880291851448,0.0024783699711845904,0.002244094815687507,0.0029657172449961563,0.0024153759608603275,0.0025059432090490984
363,0.00253447638891637,0.002524568903265257,0.002266989467881434,0.002741271956030758,0.002673626486314337,0.0025882613798255518
364,0.002580435730719346,0.0025175949077517333,0.004265483707036281,0.0019176604048898903,0.0024524849511413306,0.002585070816025874
365,0.0023910637491407244,0.002485657784913994,0.0022370012109570498,0.002935184868573539,0.0024546994743075887,0.002518852991382301
366,0.002450140485578433,0.0025783878507590822,0.0022261977765420152,0.0028056641733395092,0.00263565725230357,0.002527131222062909
367,0.002412033774700455,0.0024914524202130695,0.002262568163904346,0.002820977254984171,0.0026432896389671765,0.0025291380096284853
368,0.0024737350543446845,0.0024962964290138278,0.004490570239439627,0.0018094825065949622,0.0024682740447303105,0.0025377495209695715
369,0.0024960102982708406,0.0025142940131715067,0.0022660150215488843,0.0027953908829875898,0.0026143234324507146,0.0025698548223793975
370,0.0024834949103083115,0.0024806091598793918,0.004538343493808011,0.0018193060508055394,0.002392275513151121,0.0025421251031694154
371,0.0028648625468341723,0.0028246496688577303,0.0022661981828743035,0.0024951192185616367,0.0027288338202289433,0.002605148154457593
372,0.0031219462897752064,0.002361196130219466,0.0022088417591970403,0.0026164589946118294,0.002420003375363122,0.002507469779365152
373,0.002882959711414034,0.0025371612375292394,0.0025167197856432043,0.0019496662888467493,0.003425150851491844,0.002748642663312044
374,0.002991790460998733,0.0025300002242506225,0.0022195453317554684,0.002581394505334501,0.0025924413515378956,0.002521586555342124
375,0.002375996903508918,0.002844066738489144,0.0022529312699332707,0.002558587877067165,0.0029685173994374405,0.0026190661323187993
376,0.0024991932315257506,0.002583846702891376,0.0022717092781734762,0.0026207556706237373,0.0028803141696960347,0.0025970393977742755
377,0.002457386034192607,0.0025812445131467186,0.0022278828966745432,0.0028807750964932144,0.0024902337338042905,0.0025303980430467043
378,0.002563576128190443,0.00241891089397643,0.002265858730993755,0.002679343751200784,0.0027761292839478596,0.0025776678658118056
379,0.0024967783584687727,0.002645314153835422,0.0022245631421561832,0.002756577264244503,0.0026661343261225193,0.0025480648855605898
380,0.002126133434244047,0.002444826644738865,0.0022572867834393727,0.0029527491313231413,0.002567887617629035,0.0025208768035641345
381,0.0020873938711888657,0.0026135141927745966,0.002261924943569617,0.0026511376030665334,0.0030138039840522943,0.0026388815987194655
382,0.002489291718725317,0.002660569452496309,0.0022539700196601317,0.0025691285536523834,0.0029443101725268425,0.002621351178833712
383,0.0025154867145246408,0.0024924998371937714,0.00435304817662551,0.001941784143183155,0.0023831504191124363,0.002556400383290718
384,0.0025732537491940594,0.002371086365532926,0.002263576276120387,0.0026493546794144323,0.002820875644010818,0.0025819205875027913
385,0.002448258963141169,0.0024812304620211198,0.004521368308309105,0.0018790962501579022,0.0023520235376665736,0.002526282006212407
386,0.002476373632554603,0.0025090039256201653,0.0022650067434638074,0.002734248481881196,0.0027377993355917718,0.002560400060790846
387,0.0026420876144760317,0.002772164516686456,0.0023520378927157047,0.002290417937008835,0.0031809744505336955,0.002670251868468726
